İl,İlçe,Alan (m2),Oda Sayısı,Bina Yaşı,Kat,Isıtma,Balkon,Asansör,Eşyalı mı?,Fiyat (TL)
Adana,Çukurova,162,4+1,28,2,Kombi,0,0,Boş,6834452
Adana,Çukurova,190,2+1,20,1,Merkezi,1,1,Boş,4448026
Adana,Çukurova,80,1+1,11,1,Merkezi,0,1,Eşyalı,3145822
Adana,Çukurova,74,2+1,29,5+,Soba,1,0,Boş,4057306
Adana,Çukurova,123,1+1,2,4,Soba,0,0,Eşyalı,3120718
Adana,Çukurova,143,4+1,14,3,Soba,1,0,Boş,7061165
Adana,Çukurova,94,2+1,16,3,Merkezi,1,1,Boş,4364603
Adana,Çukurova,63,2+1,28,1,Merkezi,1,1,Boş,4228094
Adana,Çukurova,73,3+1,15,5+,Soba,1,0,Boş,5642796
Adana,Çukurova,141,3+1,20,1,Kombi,1,1,Boş,5656085
Adana,Seyhan,100,1+1,14,4,Kombi,0,0,Eşyalı,2231154
Adana,Seyhan,122,3+1,18,Giriş,Soba,0,0,Eşyalı,4341084
Adana,Seyhan,64,2+1,6,1,Kombi,1,0,Eşyalı,3400592
Adana,Seyhan,107,3+1,22,5+,Kombi,0,1,Boş,4401732
Adana,Seyhan,94,1+1,2,4,Soba,1,0,Eşyalı,2446812
Adana,Seyhan,162,3+1,8,1,Merkezi,1,0,Eşyalı,4559710
Adana,Seyhan,122,4+1,6,Giriş,Kombi,1,1,Boş,5705383
Adana,Seyhan,88,4+1,12,2,Soba,1,1,Boş,5540594
Adana,Seyhan,104,2+1,24,4,Merkezi,1,1,Boş,3384593
Adana,Seyhan,151,1+1,6,5+,Kombi,0,0,Eşyalı,2406528
Adana,Yüreğir,180,4+1,12,Giriş,Soba,0,1,Boş,3899502
Adana,Yüreğir,110,2+1,11,2,Merkezi,1,1,Boş,2659683
Adana,Yüreğir,172,2+1,16,1,Merkezi,0,1,Eşyalı,2349373
Adana,Yüreğir,140,3+1,16,1,Merkezi,1,1,Eşyalı,3145371
Adana,Yüreğir,188,3+1,29,1,Kombi,1,1,Boş,3119936
Adana,Yüreğir,182,1+1,5,4,Merkezi,1,1,Eşyalı,1932089
Adana,Yüreğir,156,1+1,27,2,Merkezi,1,0,Eşyalı,1519330
Adana,Yüreğir,149,3+1,18,3,Soba,1,0,Eşyalı,3110929
Adana,Yüreğir,187,3+1,17,Giriş,Soba,1,0,Eşyalı,3102033
Adana,Yüreğir,101,3+1,6,3,Merkezi,1,0,Boş,3163076
Adana,Sarıçam,119,1+1,1,Giriş,Merkezi,1,0,Eşyalı,1667403
Adana,Sarıçam,158,3+1,15,2,Merkezi,1,0,Boş,2863531
Adana,Sarıçam,175,3+1,16,3,Merkezi,1,1,Boş,2952492
Adana,Sarıçam,113,3+1,15,4,Kombi,1,0,Boş,2782407
Adana,Sarıçam,92,2+1,20,3,Soba,0,0,Boş,1979618
Adana,Sarıçam,174,2+1,22,5+,Merkezi,1,1,Boş,2170793
Adana,Sarıçam,168,3+1,21,2,Soba,1,0,Boş,2835222
Adana,Sarıçam,120,4+1,18,3,Soba,1,0,Boş,3548601
Adana,Sarıçam,76,4+1,27,5+,Kombi,1,0,Boş,3337793
Adana,Sarıçam,154,3+1,27,Giriş,Soba,0,0,Boş,2660517
Adana,Ceyhan,126,4+1,17,Giriş,Merkezi,0,1,Boş,3268256
Adana,Ceyhan,186,3+1,9,1,Merkezi,0,1,Eşyalı,2687490
Adana,Ceyhan,196,3+1,21,4,Merkezi,0,1,Eşyalı,2596840
Adana,Ceyhan,119,2+1,6,Giriş,Kombi,1,0,Boş,2017955
Adana,Ceyhan,174,3+1,14,3,Merkezi,1,1,Eşyalı,2653493
Adana,Ceyhan,122,2+1,28,5+,Merkezi,1,1,Eşyalı,1920569
Adana,Ceyhan,129,3+1,21,2,Kombi,0,1,Eşyalı,2607770
Adana,Ceyhan,175,2+1,14,2,Soba,1,1,Boş,2076188
Adana,Ceyhan,72,2+1,27,1,Merkezi,0,0,Boş,1690775
Adana,Ceyhan,149,1+1,25,4,Merkezi,0,0,Eşyalı,1048793
Adana,Kozan,199,1+1,0,1,Merkezi,0,0,Boş,1363782
Adana,Kozan,148,4+1,12,4,Kombi,1,0,Eşyalı,2936769
Adana,Kozan,128,2+1,28,2,Merkezi,1,0,Eşyalı,1545031
Adana,Kozan,128,3+1,16,5+,Merkezi,1,1,Eşyalı,2371236
Adana,Kozan,144,3+1,3,Giriş,Merkezi,1,0,Eşyalı,2494780
Adana,Kozan,197,2+1,18,1,Kombi,1,0,Eşyalı,1755480
Adana,Kozan,63,4+1,23,1,Kombi,1,1,Boş,2866426
Adana,Kozan,183,1+1,0,4,Soba,0,0,Boş,1408857
Adana,Kozan,126,1+1,0,1,Soba,1,0,Eşyalı,1384248
Adana,Kozan,94,3+1,16,1,Kombi,1,1,Boş,2340131
Adana,Karataş,174,1+1,6,3,Merkezi,0,1,Eşyalı,1335932
Adana,Karataş,197,1+1,8,2,Kombi,0,1,Boş,1285313
Adana,Karataş,155,4+1,22,5+,Kombi,1,0,Eşyalı,2680021
Adana,Karataş,164,2+1,16,Giriş,Merkezi,1,1,Eşyalı,1791675
Adana,Karataş,145,1+1,26,2,Kombi,1,1,Eşyalı,1072458
Adana,Karataş,187,4+1,18,1,Soba,1,0,Eşyalı,2700243
Adana,Karataş,158,4+1,24,3,Soba,0,1,Eşyalı,2690706
Adana,Karataş,168,1+1,9,1,Soba,1,0,Boş,1248417
Adana,Karataş,192,3+1,22,4,Soba,0,1,Eşyalı,2178647
Adana,Karataş,66,2+1,12,1,Kombi,1,0,Boş,1658314
Adana,Yumurtalık,64,1+1,4,5+,Soba,1,1,Eşyalı,1353718
Adana,Yumurtalık,130,1+1,12,3,Merkezi,1,0,Eşyalı,1068631
Adana,Yumurtalık,167,2+1,6,2,Merkezi,1,0,Eşyalı,1622427
Adana,Yumurtalık,185,2+1,19,3,Kombi,0,0,Eşyalı,1440141
Adana,Yumurtalık,60,3+1,12,3,Merkezi,0,0,Boş,2079507
Adana,Yumurtalık,176,2+1,25,3,Kombi,1,0,Eşyalı,1398939
Adana,Yumurtalık,106,1+1,15,5+,Kombi,0,1,Eşyalı,1133679
Adana,Yumurtalık,106,1+1,16,5+,Soba,0,0,Eşyalı,923184
Adana,Yumurtalık,113,2+1,2,Giriş,Soba,1,1,Boş,1841086
Adana,Yumurtalık,176,4+1,25,3,Merkezi,1,1,Boş,2508970
Adana,Karaisalı,87,4+1,4,Giriş,Soba,1,0,Eşyalı,2539484
Adana,Karaisalı,105,3+1,28,5+,Merkezi,0,1,Eşyalı,1706219
Adana,Karaisalı,106,1+1,1,1,Merkezi,1,0,Eşyalı,1166013
Adana,Karaisalı,177,1+1,17,Giriş,Soba,0,1,Eşyalı,950759
Adana,Karaisalı,145,3+1,26,Giriş,Kombi,0,1,Eşyalı,1746529
Adana,Karaisalı,114,2+1,27,Giriş,Kombi,0,0,Boş,1193531
Adana,Karaisalı,62,1+1,22,4,Kombi,0,1,Boş,837964
Adana,Karaisalı,169,1+1,18,4,Kombi,1,1,Eşyalı,1010388
Adana,Karaisalı,172,4+1,1,3,Soba,1,0,Boş,2464092
Adana,Karaisalı,62,3+1,17,3,Kombi,1,1,Eşyalı,1977087
Adana,Pozantı,116,1+1,15,4,Kombi,1,1,Eşyalı,982317
Adana,Pozantı,97,2+1,1,1,Merkezi,0,0,Eşyalı,1492135
Adana,Pozantı,111,1+1,5,Giriş,Soba,1,1,Eşyalı,1248045
Adana,Pozantı,88,4+1,9,Giriş,Merkezi,0,1,Boş,2398380
Adana,Pozantı,128,2+1,5,4,Merkezi,0,1,Eşyalı,1466035
Adana,Pozantı,170,1+1,22,2,Merkezi,1,1,Boş,958230
Adana,Pozantı,163,4+1,23,Giriş,Soba,1,0,Eşyalı,2096464
Adana,Pozantı,181,3+1,18,4,Kombi,1,1,Boş,1900452
Adana,Pozantı,120,2+1,20,5+,Kombi,0,0,Boş,1202318
Adana,Pozantı,137,2+1,12,2,Kombi,1,0,Eşyalı,1344356
Adana,Feke,180,2+1,14,5+,Soba,0,1,Eşyalı,1344075
Adana,Feke,106,3+1,23,5+,Merkezi,1,1,Eşyalı,1612738
Adana,Feke,137,4+1,1,4,Merkezi,1,0,Boş,2329261
Adana,Feke,166,3+1,27,4,Merkezi,1,1,Eşyalı,1567274
Adana,Feke,174,3+1,24,4,Merkezi,0,0,Eşyalı,1471171
Adana,Feke,103,1+1,16,4,Kombi,1,1,Eşyalı,861673
Adana,Feke,168,2+1,14,3,Soba,1,1,Eşyalı,1359975
Adana,Feke,142,2+1,8,4,Merkezi,1,1,Boş,1544602
Adana,Feke,118,1+1,5,4,Kombi,0,0,Boş,903645
Adana,Feke,171,4+1,29,2,Merkezi,1,1,Eşyalı,1934808
Adana,Tufanbeyli,114,1+1,22,2,Soba,0,1,Eşyalı,728013
Adana,Tufanbeyli,63,3+1,5,5+,Kombi,1,1,Boş,1776505
Adana,Tufanbeyli,121,1+1,1,2,Merkezi,0,0,Boş,879765
Adana,Tufanbeyli,79,1+1,11,Giriş,Merkezi,1,1,Boş,946681
Adana,Tufanbeyli,96,2+1,10,3,Kombi,0,0,Eşyalı,1136602
Adana,Tufanbeyli,64,3+1,9,3,Merkezi,0,1,Boş,1564060
Adana,Tufanbeyli,143,1+1,4,Giriş,Kombi,0,0,Eşyalı,762168
Adana,Tufanbeyli,153,3+1,16,4,Merkezi,1,1,Boş,1598405
Adana,Tufanbeyli,137,1+1,23,2,Kombi,1,1,Eşyalı,753579
Adana,Tufanbeyli,119,4+1,28,2,Kombi,0,1,Boş,1781966
Adana,Saimbeyli,89,3+1,20,4,Kombi,0,0,Boş,1301845
Adana,Saimbeyli,101,1+1,17,5+,Soba,0,1,Eşyalı,798289
Adana,Saimbeyli,82,3+1,14,Giriş,Kombi,0,0,Eşyalı,1541970
Adana,Saimbeyli,163,4+1,18,2,Merkezi,1,0,Eşyalı,1790193
Adana,Saimbeyli,101,4+1,19,4,Kombi,1,1,Eşyalı,2011658
Adana,Saimbeyli,92,2+1,3,5+,Merkezi,1,0,Eşyalı,1378495
Adana,Saimbeyli,133,1+1,21,5+,Kombi,0,0,Boş,741110
Adana,Saimbeyli,74,1+1,7,4,Kombi,0,1,Boş,876818
Adana,Saimbeyli,189,3+1,18,2,Merkezi,0,0,Eşyalı,1408361
Adana,Saimbeyli,82,3+1,25,5+,Soba,1,1,Eşyalı,1451487
Adana,İmamoğlu,163,2+1,17,Giriş,Kombi,0,1,Boş,1241974
Adana,İmamoğlu,127,1+1,23,4,Soba,1,0,Boş,726981
Adana,İmamoğlu,90,2+1,8,5+,Soba,0,1,Boş,1386036
Adana,İmamoğlu,149,2+1,3,5+,Soba,0,0,Eşyalı,1368736
Adana,İmamoğlu,114,3+1,7,4,Soba,0,0,Eşyalı,1774311
Adana,İmamoğlu,94,3+1,19,Giriş,Merkezi,0,1,Boş,1626979
Adana,İmamoğlu,194,2+1,26,1,Soba,0,1,Eşyalı,1182084
Adana,İmamoğlu,147,1+1,16,4,Soba,0,1,Boş,800262
Adana,İmamoğlu,173,1+1,16,Giriş,Kombi,0,1,Boş,888743
Adana,İmamoğlu,163,1+1,6,Giriş,Kombi,1,0,Eşyalı,1037232
Adana,Aladağ,182,4+1,18,5+,Merkezi,0,0,Eşyalı,1909805
Adana,Aladağ,78,2+1,0,5+,Soba,0,1,Boş,1399771
Adana,Aladağ,172,2+1,29,5+,Soba,0,1,Eşyalı,979614
Adana,Aladağ,190,4+1,9,1,Soba,1,1,Boş,2131424
Adana,Aladağ,146,3+1,27,1,Soba,0,1,Eşyalı,1340374
Adana,Aladağ,131,2+1,24,4,Soba,0,0,Boş,989799
Adana,Aladağ,67,2+1,2,5+,Merkezi,0,1,Boş,1302087
Adana,Aladağ,66,2+1,6,Giriş,Soba,0,0,Boş,1181473
Adana,Aladağ,184,3+1,3,4,Merkezi,1,0,Eşyalı,1666067
Adana,Aladağ,189,3+1,22,3,Kombi,0,1,Boş,1564208
Adıyaman,Adıyaman Merkez,128,1+1,17,5+,Soba,0,1,Boş,1659039
Adıyaman,Adıyaman Merkez,187,3+1,27,3,Merkezi,1,1,Eşyalı,3067346
Adıyaman,Adıyaman Merkez,135,3+1,3,5+,Kombi,0,0,Boş,3195594
Adıyaman,Adıyaman Merkez,92,3+1,28,Giriş,Merkezi,0,0,Eşyalı,2945990
Adıyaman,Adıyaman Merkez,180,1+1,9,5+,Kombi,1,0,Boş,1744202
Adıyaman,Adıyaman Merkez,178,3+1,26,5+,Merkezi,1,0,Eşyalı,2994228
Adıyaman,Adıyaman Merkez,87,3+1,7,5+,Soba,1,0,Eşyalı,3221385
Adıyaman,Adıyaman Merkez,191,4+1,6,Giriş,Soba,1,0,Boş,3961929
Adıyaman,Adıyaman Merkez,96,2+1,14,3,Merkezi,1,0,Boş,2472892
Adıyaman,Adıyaman Merkez,109,3+1,16,Giriş,Kombi,0,1,Boş,3089736
Adıyaman,Kahta,91,2+1,19,1,Merkezi,1,0,Eşyalı,2089701
Adıyaman,Kahta,130,1+1,11,1,Kombi,1,0,Eşyalı,1479891
Adıyaman,Kahta,151,3+1,25,Giriş,Kombi,1,0,Boş,2671075
Adıyaman,Kahta,166,1+1,22,Giriş,Kombi,0,0,Eşyalı,1312836
Adıyaman,Kahta,159,2+1,20,2,Soba,0,1,Eşyalı,2113846
Adıyaman,Kahta,65,1+1,3,4,Soba,0,1,Boş,1609983
Adıyaman,Kahta,103,3+1,23,1,Merkezi,0,0,Boş,2582213
Adıyaman,Kahta,133,1+1,13,Giriş,Kombi,0,1,Eşyalı,1492729
Adıyaman,Kahta,172,1+1,21,5+,Kombi,0,0,Eşyalı,1310952
Adıyaman,Kahta,189,2+1,11,1,Kombi,1,1,Eşyalı,2275871
Adıyaman,Besni,187,4+1,19,Giriş,Merkezi,1,1,Eşyalı,3382159
Adıyaman,Besni,110,1+1,28,2,Soba,1,0,Boş,1186197
Adıyaman,Besni,130,1+1,4,4,Soba,0,0,Eşyalı,1381064
Adıyaman,Besni,194,4+1,24,1,Soba,0,1,Boş,3200627
Adıyaman,Besni,155,3+1,24,Giriş,Soba,0,0,Boş,2431882
Adıyaman,Besni,118,1+1,16,3,Merkezi,1,0,Eşyalı,1317918
Adıyaman,Besni,68,3+1,24,1,Kombi,1,0,Eşyalı,2510214
Adıyaman,Besni,85,4+1,25,1,Kombi,1,0,Boş,3188521
Adıyaman,Besni,69,2+1,24,3,Soba,1,0,Boş,1802236
Adıyaman,Besni,159,2+1,26,4,Soba,1,0,Boş,1863794
Adıyaman,Gölbaşı,103,2+1,10,3,Soba,1,0,Boş,1943856
Adıyaman,Gölbaşı,157,4+1,11,Giriş,Soba,0,1,Boş,3186024
Adıyaman,Gölbaşı,88,3+1,3,Giriş,Kombi,1,0,Boş,2667275
Adıyaman,Gölbaşı,107,4+1,1,3,Merkezi,0,0,Eşyalı,3221655
Adıyaman,Gölbaşı,66,3+1,3,5+,Kombi,1,0,Eşyalı,2604513
Adıyaman,Gölbaşı,84,1+1,4,1,Kombi,0,1,Boş,1449946
Adıyaman,Gölbaşı,198,1+1,24,Giriş,Kombi,0,1,Boş,1259408
Adıyaman,Gölbaşı,73,4+1,5,5+,Merkezi,1,0,Boş,3226760
Adıyaman,Gölbaşı,66,2+1,16,1,Kombi,0,0,Eşyalı,1864140
Adıyaman,Gölbaşı,155,2+1,13,4,Kombi,0,0,Boş,1873329
Adıyaman,Çelikhan,194,1+1,23,Giriş,Merkezi,1,1,Boş,1085369
Adıyaman,Çelikhan,149,3+1,29,1,Kombi,1,1,Boş,2164840
Adıyaman,Çelikhan,105,2+1,18,4,Merkezi,0,0,Eşyalı,1541298
Adıyaman,Çelikhan,78,3+1,1,2,Kombi,1,1,Boş,2443080
Adıyaman,Çelikhan,166,1+1,3,1,Kombi,1,0,Boş,1308732
Adıyaman,Çelikhan,124,2+1,1,4,Merkezi,1,1,Boş,1886334
Adıyaman,Çelikhan,141,4+1,3,3,Kombi,0,1,Eşyalı,2880085
Adıyaman,Çelikhan,180,2+1,4,Giriş,Merkezi,1,1,Boş,1876615
Adıyaman,Çelikhan,171,2+1,6,5+,Soba,1,1,Boş,1891935
Adıyaman,Çelikhan,110,2+1,1,4,Kombi,1,1,Boş,1927066
Adıyaman,Gerger,192,4+1,16,5+,Merkezi,1,0,Boş,2603585
Adıyaman,Gerger,119,3+1,16,2,Kombi,1,0,Eşyalı,2089120
Adıyaman,Gerger,120,4+1,23,1,Soba,0,1,Boş,2524460
Adıyaman,Gerger,122,1+1,0,3,Soba,0,0,Eşyalı,1284579
Adıyaman,Gerger,75,2+1,27,3,Merkezi,0,1,Boş,1442163
Adıyaman,Gerger,177,4+1,1,Giriş,Kombi,0,1,Eşyalı,2830467
Adıyaman,Gerger,164,3+1,5,2,Soba,0,0,Eşyalı,2154089
Adıyaman,Gerger,177,2+1,5,Giriş,Soba,1,0,Eşyalı,1682384
Adıyaman,Gerger,167,4+1,12,5+,Kombi,1,0,Boş,2665294
Adıyaman,Gerger,103,4+1,14,2,Merkezi,1,1,Boş,2688990
Adıyaman,Sincik,139,4+1,13,1,Merkezi,1,1,Boş,2710883
Adıyaman,Sincik,102,3+1,18,2,Merkezi,1,0,Eşyalı,2091586
Adıyaman,Sincik,102,3+1,2,2,Kombi,0,1,Eşyalı,2175041
Adıyaman,Sincik,73,2+1,9,Giriş,Soba,1,1,Eşyalı,1764900
Adıyaman,Sincik,66,2+1,8,4,Kombi,1,0,Boş,1674080
Adıyaman,Sincik,77,1+1,8,4,Kombi,1,0,Eşyalı,1111171
Adıyaman,Sincik,86,1+1,3,5+,Merkezi,0,0,Boş,1154183
Adıyaman,Sincik,171,3+1,14,5+,Merkezi,0,0,Eşyalı,2139569
Adıyaman,Sincik,181,1+1,13,1,Merkezi,0,0,Boş,1085393
Adıyaman,Sincik,63,3+1,4,2,Kombi,1,1,Boş,2284514
Adıyaman,Samsat,136,1+1,16,1,Merkezi,0,0,Eşyalı,977442
Adıyaman,Samsat,82,3+1,15,Giriş,Soba,1,1,Boş,2025885
Adıyaman,Samsat,175,4+1,0,2,Kombi,0,1,Eşyalı,2673408
Adıyaman,Samsat,174,2+1,6,1,Merkezi,0,0,Boş,1483137
Adıyaman,Samsat,75,2+1,6,Giriş,Kombi,0,1,Boş,1651001
Adıyaman,Samsat,155,2+1,18,4,Kombi,1,0,Boş,1479968
Adıyaman,Samsat,173,3+1,1,3,Merkezi,1,1,Boş,2179046
Adıyaman,Samsat,180,1+1,16,5+,Kombi,0,0,Eşyalı,1038914
Adıyaman,Samsat,100,1+1,2,4,Kombi,0,1,Eşyalı,1199940
Adıyaman,Samsat,93,1+1,28,2,Merkezi,1,1,Eşyalı,964207
Adıyaman,Tut,69,4+1,10,2,Soba,1,1,Boş,2580760
Adıyaman,Tut,152,3+1,26,4,Merkezi,0,0,Boş,1784883
Adıyaman,Tut,79,4+1,6,3,Merkezi,0,1,Eşyalı,2648417
Adıyaman,Tut,141,3+1,22,4,Soba,0,1,Boş,1938122
Adıyaman,Tut,63,1+1,16,2,Kombi,1,0,Eşyalı,997546
Adıyaman,Tut,79,1+1,24,Giriş,Soba,1,1,Eşyalı,981116
Adıyaman,Tut,163,4+1,7,4,Soba,0,0,Eşyalı,2548075
Adıyaman,Tut,152,2+1,24,4,Kombi,1,1,Eşyalı,1487609
Adıyaman,Tut,89,4+1,9,1,Merkezi,1,1,Boş,2589090
Adıyaman,Tut,104,1+1,3,1,Merkezi,0,1,Boş,1206035
Afyonkarahisar,Afyonkarahisar Merkez,80,4+1,17,5+,Kombi,0,1,Boş,4306604
Afyonkarahisar,Afyonkarahisar Merkez,127,4+1,6,5+,Merkezi,0,1,Boş,4583733
Afyonkarahisar,Afyonkarahisar Merkez,61,3+1,24,4,Merkezi,1,1,Eşyalı,3453689
Afyonkarahisar,Afyonkarahisar Merkez,132,2+1,29,Giriş,Soba,0,0,Eşyalı,2453973
Afyonkarahisar,Afyonkarahisar Merkez,176,1+1,19,2,Soba,0,1,Boş,1830283
Afyonkarahisar,Afyonkarahisar Merkez,126,2+1,24,1,Kombi,1,0,Eşyalı,2548229
Afyonkarahisar,Afyonkarahisar Merkez,70,4+1,20,5+,Kombi,1,1,Boş,4383060
Afyonkarahisar,Afyonkarahisar Merkez,177,2+1,27,3,Kombi,0,1,Boş,2577018
Afyonkarahisar,Afyonkarahisar Merkez,100,3+1,0,1,Soba,1,1,Boş,3836083
Afyonkarahisar,Afyonkarahisar Merkez,181,4+1,23,5+,Soba,0,1,Eşyalı,4329891
Afyonkarahisar,Sandıklı,64,3+1,11,Giriş,Merkezi,1,0,Eşyalı,3029365
Afyonkarahisar,Sandıklı,178,3+1,28,1,Soba,0,1,Eşyalı,2895857
Afyonkarahisar,Sandıklı,193,2+1,26,5+,Soba,1,0,Eşyalı,2132180
Afyonkarahisar,Sandıklı,131,4+1,28,3,Merkezi,1,1,Boş,3653157
Afyonkarahisar,Sandıklı,115,2+1,4,3,Kombi,0,0,Eşyalı,2346420
Afyonkarahisar,Sandıklı,198,1+1,16,5+,Kombi,0,0,Boş,1566191
Afyonkarahisar,Sandıklı,187,3+1,7,3,Soba,0,0,Eşyalı,3097770
Afyonkarahisar,Sandıklı,130,4+1,19,Giriş,Kombi,0,1,Boş,3739632
Afyonkarahisar,Sandıklı,168,3+1,5,3,Kombi,0,0,Eşyalı,3141676
Afyonkarahisar,Sandıklı,189,3+1,0,4,Merkezi,0,0,Eşyalı,3161722
Afyonkarahisar,Emirdağ,61,1+1,18,1,Soba,0,0,Eşyalı,1376887
Afyonkarahisar,Emirdağ,123,1+1,24,2,Kombi,1,0,Boş,1342537
Afyonkarahisar,Emirdağ,120,2+1,28,3,Kombi,1,1,Boş,2065940
Afyonkarahisar,Emirdağ,181,2+1,25,5+,Soba,0,1,Boş,2161128
Afyonkarahisar,Emirdağ,113,2+1,11,5+,Kombi,0,0,Boş,2190605
Afyonkarahisar,Emirdağ,132,2+1,16,Giriş,Kombi,1,1,Boş,2245198
Afyonkarahisar,Emirdağ,139,2+1,22,3,Merkezi,0,0,Eşyalı,1981474
Afyonkarahisar,Emirdağ,166,1+1,24,3,Soba,1,1,Eşyalı,1466248
Afyonkarahisar,Emirdağ,97,1+1,15,2,Merkezi,0,0,Eşyalı,1495284
Afyonkarahisar,Emirdağ,60,4+1,9,Giriş,Kombi,1,1,Eşyalı,3690675
Afyonkarahisar,Bolvadin,177,1+1,19,2,Kombi,0,1,Eşyalı,1460242
Afyonkarahisar,Bolvadin,171,3+1,18,Giriş,Soba,1,1,Eşyalı,2862927
Afyonkarahisar,Bolvadin,108,2+1,16,5+,Merkezi,1,1,Boş,2163408
Afyonkarahisar,Bolvadin,127,3+1,0,2,Merkezi,1,0,Boş,3014162
Afyonkarahisar,Bolvadin,194,1+1,10,1,Merkezi,1,1,Eşyalı,1645658
Afyonkarahisar,Bolvadin,72,3+1,17,4,Kombi,1,1,Boş,2921863
Afyonkarahisar,Bolvadin,166,4+1,12,3,Kombi,0,0,Boş,3313759
Afyonkarahisar,Bolvadin,66,4+1,18,1,Kombi,1,1,Boş,3527017
Afyonkarahisar,Bolvadin,63,2+1,6,1,Soba,0,1,Boş,2346131
Afyonkarahisar,Bolvadin,196,4+1,23,5+,Merkezi,0,1,Eşyalı,3514313
Afyonkarahisar,Dinar,171,2+1,22,Giriş,Kombi,1,0,Eşyalı,1981625
Afyonkarahisar,Dinar,129,3+1,27,2,Merkezi,1,0,Eşyalı,2545547
Afyonkarahisar,Dinar,193,3+1,27,3,Soba,1,0,Eşyalı,2615791
Afyonkarahisar,Dinar,168,1+1,8,3,Kombi,1,0,Eşyalı,1527278
Afyonkarahisar,Dinar,61,1+1,16,1,Merkezi,1,0,Boş,1354065
Afyonkarahisar,Dinar,110,3+1,1,2,Merkezi,1,1,Boş,2962288
Afyonkarahisar,Dinar,63,1+1,3,2,Soba,1,1,Eşyalı,1743590
Afyonkarahisar,Dinar,72,2+1,10,3,Kombi,1,0,Boş,2123755
Afyonkarahisar,Dinar,71,3+1,25,5+,Kombi,1,1,Eşyalı,2668133
Afyonkarahisar,Dinar,77,4+1,8,1,Merkezi,0,1,Eşyalı,3513710
Afyonkarahisar,Sinanpaşa,143,4+1,28,4,Merkezi,0,0,Boş,3056300
Afyonkarahisar,Sinanpaşa,141,4+1,0,1,Soba,1,0,Eşyalı,3502907
Afyonkarahisar,Sinanpaşa,132,3+1,14,Giriş,Kombi,1,0,Boş,2737198
Afyonkarahisar,Sinanpaşa,123,1+1,15,4,Kombi,0,0,Boş,1344620
Afyonkarahisar,Sinanpaşa,72,3+1,3,5+,Soba,1,0,Eşyalı,2799390
Afyonkarahisar,Sinanpaşa,116,1+1,12,Giriş,Merkezi,1,1,Boş,1462997
Afyonkarahisar,Sinanpaşa,165,1+1,17,1,Soba,1,1,Eşyalı,1407716
Afyonkarahisar,Sinanpaşa,175,4+1,17,Giriş,Soba,0,1,Eşyalı,3378765
Afyonkarahisar,Sinanpaşa,76,3+1,29,4,Merkezi,0,1,Boş,2419083
Afyonkarahisar,Sinanpaşa,100,3+1,8,Giriş,Soba,1,1,Eşyalı,2876792
Afyonkarahisar,Çay,90,3+1,28,4,Soba,0,1,Eşyalı,2503018
Afyonkarahisar,Çay,182,4+1,29,1,Soba,0,1,Boş,3090270
Afyonkarahisar,Çay,81,4+1,2,2,Merkezi,0,0,Eşyalı,3354011
Afyonkarahisar,Çay,181,4+1,13,5+,Merkezi,1,1,Eşyalı,3345842
Afyonkarahisar,Çay,77,4+1,13,Giriş,Merkezi,1,0,Eşyalı,3266078
Afyonkarahisar,Çay,173,1+1,2,2,Kombi,0,1,Eşyalı,1646066
Afyonkarahisar,Çay,171,1+1,27,Giriş,Soba,0,1,Boş,1234946
Afyonkarahisar,Çay,157,3+1,6,5+,Kombi,1,0,Eşyalı,2742194
Afyonkarahisar,Çay,117,2+1,23,5+,Soba,1,1,Boş,1968223
Afyonkarahisar,Çay,174,2+1,17,2,Merkezi,0,0,Eşyalı,1938411
Afyonkarahisar,Sultandağı,198,3+1,13,5+,Soba,0,1,Boş,2578996
Afyonkarahisar,Sultandağı,126,4+1,10,1,Soba,1,1,Boş,3359348
Afyonkarahisar,Sultandağı,165,2+1,27,4,Merkezi,1,1,Boş,1856248
Afyonkarahisar,Sultandağı,165,4+1,23,3,Kombi,0,1,Boş,3111950
Afyonkarahisar,Sultandağı,64,4+1,3,5+,Soba,1,0,Boş,3353068
Afyonkarahisar,Sultandağı,66,3+1,9,3,Soba,0,0,Boş,2529527
Afyonkarahisar,Sultandağı,77,4+1,26,2,Merkezi,1,1,Boş,2978378
Afyonkarahisar,Sultandağı,137,1+1,7,3,Soba,1,0,Boş,1315925
Afyonkarahisar,Sultandağı,64,3+1,29,1,Soba,1,0,Eşyalı,2330184
Afyonkarahisar,Sultandağı,73,4+1,3,5+,Kombi,1,1,Boş,3381013
Afyonkarahisar,Şuhut,101,2+1,24,2,Merkezi,0,1,Boş,1864647
Afyonkarahisar,Şuhut,72,1+1,2,3,Soba,1,1,Boş,1516861
Afyonkarahisar,Şuhut,67,3+1,9,4,Kombi,0,1,Eşyalı,2568650
Afyonkarahisar,Şuhut,104,2+1,9,3,Kombi,0,0,Eşyalı,1916809
Afyonkarahisar,Şuhut,158,2+1,24,4,Merkezi,0,1,Boş,1773993
Afyonkarahisar,Şuhut,143,3+1,13,1,Merkezi,1,0,Boş,2522369
Afyonkarahisar,Şuhut,122,3+1,26,5+,Merkezi,1,1,Boş,2379270
Afyonkarahisar,Şuhut,139,3+1,4,2,Merkezi,0,1,Boş,2737798
Afyonkarahisar,Şuhut,146,3+1,14,Giriş,Kombi,1,0,Boş,2421308
Afyonkarahisar,Şuhut,112,4+1,11,3,Merkezi,0,0,Boş,3170032
Afyonkarahisar,İscehisar,176,4+1,3,2,Soba,0,1,Boş,3205964
Afyonkarahisar,İscehisar,134,2+1,27,Giriş,Soba,1,1,Boş,1751823
Afyonkarahisar,İscehisar,143,4+1,18,1,Merkezi,1,0,Eşyalı,3003045
Afyonkarahisar,İscehisar,127,1+1,10,Giriş,Soba,0,1,Eşyalı,1412485
Afyonkarahisar,İscehisar,78,3+1,27,5+,Soba,0,0,Eşyalı,2241333
Afyonkarahisar,İscehisar,121,1+1,6,2,Soba,0,0,Eşyalı,1298485
Afyonkarahisar,İscehisar,155,4+1,1,4,Merkezi,1,1,Eşyalı,3310236
Afyonkarahisar,İscehisar,82,4+1,12,4,Merkezi,1,1,Boş,3122386
Afyonkarahisar,İscehisar,68,2+1,21,1,Soba,1,0,Eşyalı,1711413
Afyonkarahisar,İscehisar,176,4+1,5,1,Kombi,0,0,Boş,3028723
Afyonkarahisar,İhsaniye,115,4+1,18,2,Merkezi,0,1,Eşyalı,2875401
Afyonkarahisar,İhsaniye,172,4+1,3,5+,Merkezi,0,1,Boş,3155838
Afyonkarahisar,İhsaniye,103,3+1,14,2,Kombi,1,0,Boş,2299920
Afyonkarahisar,İhsaniye,106,3+1,23,4,Merkezi,1,0,Boş,2249104
Afyonkarahisar,İhsaniye,195,3+1,29,5+,Soba,0,0,Eşyalı,2134388
Afyonkarahisar,İhsaniye,104,2+1,14,1,Merkezi,0,0,Boş,1704968
Afyonkarahisar,İhsaniye,162,4+1,11,3,Merkezi,0,1,Eşyalı,3016905
Afyonkarahisar,İhsaniye,73,2+1,2,1,Soba,0,1,Boş,2008124
Afyonkarahisar,İhsaniye,195,2+1,26,4,Soba,1,1,Eşyalı,1750260
Afyonkarahisar,İhsaniye,171,1+1,6,3,Kombi,1,1,Eşyalı,1490406
Afyonkarahisar,Çobanlar,160,1+1,5,1,Merkezi,0,1,Boş,1401547
Afyonkarahisar,Çobanlar,86,1+1,4,2,Merkezi,1,1,Eşyalı,1354626
Afyonkarahisar,Çobanlar,66,4+1,16,1,Merkezi,0,0,Boş,2730902
Afyonkarahisar,Çobanlar,144,1+1,5,Giriş,Soba,0,0,Eşyalı,1183150
Afyonkarahisar,Çobanlar,182,2+1,5,3,Soba,1,0,Eşyalı,1880120
Afyonkarahisar,Çobanlar,96,3+1,3,5+,Kombi,0,1,Eşyalı,2447077
Afyonkarahisar,Çobanlar,149,3+1,28,Giriş,Soba,0,1,Boş,2133984
Afyonkarahisar,Çobanlar,90,2+1,12,Giriş,Soba,1,0,Eşyalı,1742029
Afyonkarahisar,Çobanlar,75,3+1,28,5+,Soba,0,1,Boş,2164360
Afyonkarahisar,Çobanlar,151,1+1,10,3,Merkezi,1,0,Boş,1263329
Afyonkarahisar,Bayat,153,4+1,8,2,Soba,0,1,Eşyalı,2897639
Afyonkarahisar,Bayat,96,4+1,15,4,Kombi,0,1,Eşyalı,2764329
Afyonkarahisar,Bayat,156,4+1,21,5+,Soba,0,1,Eşyalı,2744023
Afyonkarahisar,Bayat,154,1+1,7,5+,Merkezi,0,0,Boş,1250216
Afyonkarahisar,Bayat,147,4+1,19,5+,Merkezi,1,1,Eşyalı,2823015
Afyonkarahisar,Bayat,184,3+1,5,4,Merkezi,0,1,Eşyalı,2404501
Afyonkarahisar,Bayat,149,4+1,17,4,Kombi,0,0,Eşyalı,2635307
Afyonkarahisar,Bayat,163,4+1,21,Giriş,Merkezi,0,1,Boş,2735391
Afyonkarahisar,Bayat,128,2+1,8,3,Kombi,1,1,Eşyalı,1913628
Afyonkarahisar,Bayat,76,4+1,5,3,Merkezi,0,0,Eşyalı,2826098
Afyonkarahisar,Dazkırı,85,3+1,3,4,Soba,0,0,Eşyalı,2294586
Afyonkarahisar,Dazkırı,62,1+1,13,2,Soba,1,0,Eşyalı,1099164
Afyonkarahisar,Dazkırı,111,2+1,24,2,Merkezi,0,1,Boş,1594039
Afyonkarahisar,Dazkırı,154,2+1,4,2,Soba,1,1,Boş,1852233
Afyonkarahisar,Dazkırı,166,1+1,27,5+,Soba,0,0,Eşyalı,960215
Afyonkarahisar,Dazkırı,64,3+1,13,2,Soba,1,0,Boş,2154093
Afyonkarahisar,Dazkırı,173,2+1,12,3,Soba,0,0,Boş,1620538
Afyonkarahisar,Dazkırı,63,2+1,19,5+,Kombi,1,1,Eşyalı,1637352
Afyonkarahisar,Dazkırı,175,2+1,17,4,Soba,1,0,Boş,1660350
Afyonkarahisar,Dazkırı,94,3+1,5,2,Kombi,1,1,Eşyalı,2334790
Afyonkarahisar,Evciler,128,2+1,18,3,Kombi,0,0,Boş,1500399
Afyonkarahisar,Evciler,126,1+1,0,2,Merkezi,0,0,Boş,1197854
Afyonkarahisar,Evciler,184,2+1,15,4,Merkezi,0,0,Eşyalı,1497636
Afyonkarahisar,Evciler,87,3+1,8,1,Soba,1,1,Boş,2278652
Afyonkarahisar,Evciler,96,3+1,26,2,Soba,1,0,Boş,1890522
Afyonkarahisar,Evciler,171,2+1,10,2,Soba,1,1,Eşyalı,1812631
Afyonkarahisar,Evciler,115,4+1,17,5+,Merkezi,1,0,Eşyalı,2645646
Afyonkarahisar,Evciler,116,1+1,19,2,Merkezi,1,0,Boş,1048213
Afyonkarahisar,Evciler,136,1+1,24,4,Merkezi,0,0,Boş,839301
Afyonkarahisar,Evciler,120,1+1,17,Giriş,Soba,1,0,Boş,1110095
Afyonkarahisar,Başmakçı,199,3+1,7,4,Kombi,0,0,Eşyalı,2150652
Afyonkarahisar,Başmakçı,149,2+1,6,1,Kombi,1,0,Eşyalı,1748863
Afyonkarahisar,Başmakçı,148,1+1,21,4,Kombi,0,1,Boş,1054175
Afyonkarahisar,Başmakçı,140,3+1,2,3,Merkezi,1,1,Boş,2298676
Afyonkarahisar,Başmakçı,169,1+1,19,4,Soba,0,1,Eşyalı,1087404
Afyonkarahisar,Başmakçı,185,4+1,24,1,Merkezi,1,0,Eşyalı,2468915
Afyonkarahisar,Başmakçı,197,3+1,28,4,Merkezi,0,1,Boş,1943539
Afyonkarahisar,Başmakçı,195,2+1,7,1,Merkezi,1,1,Eşyalı,1823776
Afyonkarahisar,Başmakçı,176,1+1,12,2,Kombi,0,1,Eşyalı,1209194
Afyonkarahisar,Başmakçı,168,4+1,4,2,Kombi,0,1,Eşyalı,2794912
Afyonkarahisar,Hocalar,130,1+1,3,1,Kombi,0,0,Boş,1151211
Afyonkarahisar,Hocalar,172,4+1,7,5+,Kombi,0,0,Boş,2595483
Afyonkarahisar,Hocalar,105,2+1,16,4,Merkezi,0,1,Eşyalı,1532923
Afyonkarahisar,Hocalar,127,1+1,22,4,Merkezi,0,0,Eşyalı,851232
Afyonkarahisar,Hocalar,101,4+1,18,1,Merkezi,0,0,Eşyalı,2463037
Afyonkarahisar,Hocalar,118,4+1,9,5+,Kombi,0,0,Boş,2559335
Afyonkarahisar,Hocalar,93,4+1,4,4,Merkezi,0,1,Boş,2690213
Afyonkarahisar,Hocalar,144,3+1,17,3,Kombi,1,1,Boş,2065394
Afyonkarahisar,Hocalar,180,3+1,22,3,Merkezi,0,1,Boş,2009792
Afyonkarahisar,Hocalar,160,3+1,8,3,Merkezi,1,1,Boş,2258635
Afyonkarahisar,Kızılören,161,3+1,3,Giriş,Kombi,1,1,Boş,2262843
Afyonkarahisar,Kızılören,123,4+1,4,3,Kombi,0,0,Boş,2514014
Afyonkarahisar,Kızılören,66,4+1,20,Giriş,Kombi,1,1,Boş,2468554
Afyonkarahisar,Kızılören,80,2+1,7,Giriş,Merkezi,0,0,Boş,1554820
Afyonkarahisar,Kızılören,127,4+1,18,Giriş,Merkezi,0,1,Boş,2380954
Afyonkarahisar,Kızılören,71,3+1,18,4,Kombi,0,0,Eşyalı,1868415
Afyonkarahisar,Kızılören,179,1+1,25,4,Merkezi,0,1,Boş,851091
Afyonkarahisar,Kızılören,173,1+1,8,3,Soba,0,1,Eşyalı,1105441
Afyonkarahisar,Kızılören,197,2+1,10,5+,Merkezi,0,1,Eşyalı,1606349
Afyonkarahisar,Kızılören,116,1+1,24,5+,Merkezi,0,1,Boş,1003008
Aksaray,Aksaray Merkez,191,1+1,0,5+,Merkezi,1,0,Boş,1965118
Aksaray,Aksaray Merkez,113,2+1,22,Giriş,Soba,0,1,Eşyalı,2435366
Aksaray,Aksaray Merkez,184,1+1,12,1,Soba,0,0,Eşyalı,1784545
Aksaray,Aksaray Merkez,96,4+1,22,4,Merkezi,1,1,Boş,4072697
Aksaray,Aksaray Merkez,66,1+1,10,3,Kombi,0,1,Boş,1768723
Aksaray,Aksaray Merkez,171,1+1,9,2,Soba,1,1,Eşyalı,1887442
Aksaray,Aksaray Merkez,120,2+1,18,Giriş,Merkezi,0,0,Eşyalı,2379194
Aksaray,Aksaray Merkez,152,4+1,23,Giriş,Merkezi,1,1,Boş,4033724
Aksaray,Aksaray Merkez,115,1+1,21,1,Soba,0,1,Boş,1641512
Aksaray,Aksaray Merkez,166,3+1,7,1,Soba,0,0,Boş,3390737
Aksaray,Ortaköy,83,4+1,12,4,Merkezi,1,0,Eşyalı,3614210
Aksaray,Ortaköy,194,1+1,14,4,Kombi,1,1,Boş,1565142
Aksaray,Ortaköy,102,4+1,19,5+,Merkezi,1,0,Boş,3556644
Aksaray,Ortaköy,157,3+1,11,1,Kombi,0,0,Eşyalı,2885652
Aksaray,Ortaköy,79,2+1,22,3,Soba,0,1,Boş,2185335
Aksaray,Ortaköy,126,2+1,26,4,Merkezi,0,0,Eşyalı,2038546
Aksaray,Ortaköy,71,3+1,27,2,Merkezi,1,1,Boş,2782074
Aksaray,Ortaköy,154,3+1,21,4,Soba,0,0,Eşyalı,2775054
Aksaray,Ortaköy,89,4+1,26,1,Soba,0,1,Boş,3493502
Aksaray,Ortaköy,169,2+1,29,4,Merkezi,1,0,Eşyalı,2023605
Aksaray,Eskil,177,4+1,15,4,Kombi,0,1,Boş,3344395
Aksaray,Eskil,103,1+1,10,5+,Soba,0,1,Boş,1402367
Aksaray,Eskil,158,1+1,4,Giriş,Kombi,0,0,Boş,1437638
Aksaray,Eskil,155,1+1,13,3,Soba,0,1,Boş,1405828
Aksaray,Eskil,89,4+1,9,2,Merkezi,0,0,Eşyalı,3284810
Aksaray,Eskil,144,1+1,26,2,Merkezi,0,1,Eşyalı,1233854
Aksaray,Eskil,122,4+1,18,1,Kombi,0,0,Boş,3179717
Aksaray,Eskil,76,3+1,8,Giriş,Kombi,1,0,Boş,2645356
Aksaray,Eskil,81,3+1,27,1,Soba,1,0,Boş,2536051
Aksaray,Eskil,96,2+1,14,5+,Merkezi,0,1,Boş,2071066
Aksaray,Sultanhanı,134,1+1,2,4,Soba,1,0,Eşyalı,1496971
Aksaray,Sultanhanı,76,2+1,12,5+,Soba,1,1,Boş,1976208
Aksaray,Sultanhanı,61,3+1,19,1,Merkezi,1,1,Boş,2518378
Aksaray,Sultanhanı,140,2+1,0,4,Soba,1,1,Eşyalı,2177006
Aksaray,Sultanhanı,83,2+1,22,3,Soba,1,0,Eşyalı,1780210
Aksaray,Sultanhanı,169,1+1,14,1,Soba,0,1,Eşyalı,1394973
Aksaray,Sultanhanı,174,2+1,24,Giriş,Kombi,1,1,Eşyalı,1888710
Aksaray,Sultanhanı,106,2+1,4,Giriş,Kombi,0,1,Boş,2072247
Aksaray,Sultanhanı,75,4+1,9,Giriş,Kombi,1,0,Eşyalı,3130910
Aksaray,Sultanhanı,164,2+1,23,5+,Kombi,0,1,Boş,1864405
Aksaray,Gülağaç,130,4+1,3,2,Soba,1,0,Boş,3080914
Aksaray,Gülağaç,88,4+1,23,2,Merkezi,1,1,Eşyalı,2867156
Aksaray,Gülağaç,132,1+1,18,4,Soba,0,0,Boş,1135930
Aksaray,Gülağaç,100,4+1,14,Giriş,Soba,1,0,Eşyalı,2930564
Aksaray,Gülağaç,143,1+1,12,1,Merkezi,0,1,Eşyalı,1323935
Aksaray,Gülağaç,116,3+1,3,4,Kombi,0,0,Eşyalı,2487325
Aksaray,Gülağaç,111,1+1,9,5+,Soba,1,1,Boş,1393371
Aksaray,Gülağaç,164,3+1,5,Giriş,Kombi,0,1,Boş,2512234
Aksaray,Gülağaç,83,1+1,25,Giriş,Kombi,1,0,Eşyalı,1155922
Aksaray,Gülağaç,112,3+1,4,4,Merkezi,1,1,Boş,2567305
Aksaray,Güzelyurt,170,3+1,25,5+,Merkezi,0,1,Boş,2240839
Aksaray,Güzelyurt,142,2+1,27,Giriş,Kombi,0,0,Boş,1519709
Aksaray,Güzelyurt,106,3+1,12,4,Soba,1,0,Boş,2268369
Aksaray,Güzelyurt,182,2+1,28,1,Soba,1,0,Boş,1601299
Aksaray,Güzelyurt,68,3+1,21,2,Soba,0,0,Eşyalı,2192425
Aksaray,Güzelyurt,169,2+1,27,4,Soba,1,1,Eşyalı,1617765
Aksaray,Güzelyurt,139,1+1,8,3,Kombi,0,0,Boş,1213028
Aksaray,Güzelyurt,122,3+1,26,4,Merkezi,0,1,Eşyalı,2188172
Aksaray,Güzelyurt,134,3+1,8,4,Merkezi,1,1,Eşyalı,2455369
Aksaray,Güzelyurt,132,2+1,7,5+,Soba,0,0,Eşyalı,1807715
Aksaray,Sarıyahşi,148,1+1,7,2,Kombi,1,1,Boş,1352276
Aksaray,Sarıyahşi,151,3+1,27,1,Soba,1,0,Eşyalı,2101264
Aksaray,Sarıyahşi,114,1+1,27,5+,Kombi,1,0,Boş,1013018
Aksaray,Sarıyahşi,103,4+1,25,3,Kombi,1,1,Eşyalı,2721156
Aksaray,Sarıyahşi,163,3+1,25,1,Soba,0,1,Eşyalı,2177534
Aksaray,Sarıyahşi,67,1+1,14,3,Merkezi,0,1,Eşyalı,1218871
Aksaray,Sarıyahşi,199,4+1,14,4,Kombi,1,0,Boş,2862541
Aksaray,Sarıyahşi,81,4+1,18,4,Soba,0,1,Boş,2794469
Aksaray,Sarıyahşi,151,4+1,27,4,Merkezi,1,1,Eşyalı,2724787
Aksaray,Sarıyahşi,139,2+1,29,4,Soba,1,1,Boş,1576043
Aksaray,Ağaçören,74,3+1,15,5+,Soba,0,1,Boş,2195078
Aksaray,Ağaçören,77,3+1,24,1,Soba,0,0,Eşyalı,1966214
Aksaray,Ağaçören,123,3+1,28,Giriş,Kombi,1,1,Boş,2105031
Aksaray,Ağaçören,114,2+1,5,5+,Soba,1,0,Boş,1726477
Aksaray,Ağaçören,146,3+1,15,1,Merkezi,1,0,Boş,2170015
Aksaray,Ağaçören,162,2+1,21,4,Soba,0,0,Eşyalı,1549139
Aksaray,Ağaçören,96,2+1,12,1,Kombi,1,1,Eşyalı,1737382
Aksaray,Ağaçören,199,4+1,29,5+,Kombi,0,1,Eşyalı,2533759
Aksaray,Ağaçören,124,2+1,3,5+,Merkezi,1,1,Boş,1835855
Aksaray,Ağaçören,148,1+1,16,4,Soba,0,1,Eşyalı,1130661
Amasya,Amasya Merkez,129,1+1,20,2,Soba,1,1,Eşyalı,1772779
Amasya,Amasya Merkez,82,3+1,27,2,Soba,0,0,Boş,3069614
Amasya,Amasya Merkez,180,3+1,28,Giriş,Soba,1,1,Eşyalı,3216508
Amasya,Amasya Merkez,140,1+1,27,5+,Kombi,1,1,Boş,1607766
Amasya,Amasya Merkez,76,3+1,23,Giriş,Kombi,0,0,Eşyalı,3160914
Amasya,Amasya Merkez,90,1+1,26,3,Kombi,0,0,Eşyalı,1540952
Amasya,Amasya Merkez,193,2+1,22,3,Kombi,1,0,Boş,2420168
Amasya,Amasya Merkez,113,3+1,4,5+,Soba,0,0,Boş,3354127
Amasya,Amasya Merkez,191,1+1,4,4,Soba,0,1,Boş,1918147
Amasya,Amasya Merkez,152,2+1,3,3,Merkezi,0,0,Boş,2565980
Amasya,Merzifon,169,2+1,17,4,Merkezi,1,1,Eşyalı,2403818
Amasya,Merzifon,83,4+1,1,4,Kombi,0,1,Boş,3879131
Amasya,Merzifon,75,4+1,28,4,Soba,0,1,Eşyalı,3658118
Amasya,Merzifon,99,3+1,13,1,Merkezi,1,1,Eşyalı,3128410
Amasya,Merzifon,159,3+1,0,2,Kombi,1,0,Eşyalı,3220874
Amasya,Merzifon,110,3+1,18,2,Kombi,1,1,Eşyalı,3017037
Amasya,Merzifon,157,2+1,16,1,Soba,1,0,Boş,2328200
Amasya,Merzifon,104,1+1,21,1,Soba,0,1,Eşyalı,1574730
Amasya,Merzifon,134,2+1,6,2,Soba,1,1,Boş,2454116
Amasya,Merzifon,102,4+1,25,3,Merkezi,1,0,Eşyalı,3616602
Amasya,Suluova,85,2+1,28,3,Kombi,1,1,Boş,2145268
Amasya,Suluova,194,3+1,11,3,Soba,0,0,Boş,2938508
Amasya,Suluova,94,1+1,15,5+,Soba,1,0,Boş,1413835
Amasya,Suluova,186,4+1,1,3,Kombi,1,1,Eşyalı,3812795
Amasya,Suluova,132,1+1,4,2,Merkezi,0,0,Boş,1580389
Amasya,Suluova,76,2+1,29,5+,Merkezi,0,0,Eşyalı,2008212
Amasya,Suluova,133,1+1,13,Giriş,Soba,0,1,Boş,1548773
Amasya,Suluova,194,1+1,23,4,Soba,1,1,Boş,1554504
Amasya,Suluova,190,4+1,1,1,Soba,0,1,Boş,3722727
Amasya,Suluova,82,2+1,13,5+,Soba,1,0,Eşyalı,2187396
Amasya,Gümüşhacıköy,130,3+1,16,3,Kombi,1,1,Eşyalı,2764035
Amasya,Gümüşhacıköy,100,1+1,13,4,Merkezi,1,0,Boş,1382360
Amasya,Gümüşhacıköy,73,4+1,18,4,Kombi,0,0,Boş,3222026
Amasya,Gümüşhacıköy,169,3+1,12,3,Kombi,0,0,Eşyalı,2692155
Amasya,Gümüşhacıköy,178,3+1,14,1,Kombi,0,0,Boş,2624922
Amasya,Gümüşhacıköy,125,4+1,23,2,Merkezi,0,1,Eşyalı,3282915
Amasya,Gümüşhacıköy,188,1+1,0,2,Merkezi,1,0,Boş,1495343
Amasya,Gümüşhacıköy,71,2+1,17,Giriş,Soba,0,1,Eşyalı,2074713
Amasya,Gümüşhacıköy,186,2+1,26,Giriş,Kombi,0,1,Boş,1993048
Amasya,Gümüşhacıköy,167,1+1,24,4,Kombi,0,0,Boş,1273789
Amasya,Taşova,138,4+1,16,Giriş,Soba,1,0,Boş,3235653
Amasya,Taşova,83,2+1,27,Giriş,Merkezi,0,1,Boş,1853569
Amasya,Taşova,197,4+1,21,3,Merkezi,0,1,Eşyalı,3258872
Amasya,Taşova,75,2+1,18,2,Merkezi,0,1,Boş,2014864
Amasya,Taşova,74,2+1,11,3,Merkezi,0,1,Eşyalı,2032028
Amasya,Taşova,91,1+1,15,Giriş,Soba,1,0,Eşyalı,1280891
Amasya,Taşova,199,2+1,9,2,Kombi,0,0,Eşyalı,2005921
Amasya,Taşova,128,4+1,6,5+,Kombi,0,1,Eşyalı,3404754
Amasya,Taşova,110,3+1,2,3,Kombi,1,1,Eşyalı,2860262
Amasya,Taşova,162,1+1,7,Giriş,Merkezi,0,1,Eşyalı,1429375
Amasya,Göynücek,157,4+1,5,Giriş,Soba,1,0,Eşyalı,3035117
Amasya,Göynücek,121,4+1,14,3,Kombi,1,1,Eşyalı,3001605
Amasya,Göynücek,73,2+1,2,4,Merkezi,0,0,Boş,1871914
Amasya,Göynücek,181,4+1,3,4,Merkezi,0,1,Boş,3107842
Amasya,Göynücek,80,3+1,28,1,Kombi,0,1,Eşyalı,2262120
Amasya,Göynücek,97,2+1,23,4,Soba,0,1,Boş,1677774
Amasya,Göynücek,170,4+1,15,5+,Merkezi,0,1,Boş,3006745
Amasya,Göynücek,177,2+1,21,5+,Soba,1,1,Boş,1777849
Amasya,Göynücek,108,4+1,27,4,Soba,0,0,Boş,2730070
Amasya,Göynücek,181,1+1,12,3,Kombi,1,1,Boş,1325404
Amasya,Hamamözü,138,4+1,16,5+,Merkezi,0,0,Boş,2775083
Amasya,Hamamözü,107,4+1,8,3,Soba,0,1,Boş,2885154
Amasya,Hamamözü,71,4+1,24,4,Kombi,0,0,Boş,2623920
Amasya,Hamamözü,158,1+1,19,5+,Kombi,0,0,Eşyalı,1076133
Amasya,Hamamözü,141,1+1,17,3,Merkezi,1,0,Boş,1213516
Amasya,Hamamözü,103,2+1,11,3,Soba,0,1,Eşyalı,1817444
Amasya,Hamamözü,191,2+1,16,5+,Soba,1,1,Eşyalı,1841542
Amasya,Hamamözü,177,2+1,20,Giriş,Soba,1,0,Boş,1624555
Amasya,Hamamözü,67,2+1,2,5+,Merkezi,1,1,Eşyalı,1979310
Amasya,Hamamözü,149,2+1,17,Giriş,Kombi,1,0,Boş,1669329
Ankara,Çankaya,195,3+1,7,Giriş,Kombi,1,0,Boş,7196102
Ankara,Çankaya,173,4+1,18,2,Soba,1,1,Boş,8747135
Ankara,Çankaya,183,1+1,8,1,Soba,1,1,Boş,3875934
Ankara,Çankaya,64,4+1,20,5+,Merkezi,1,0,Eşyalı,8605188
Ankara,Çankaya,139,2+1,27,5+,Merkezi,1,0,Boş,5152437
Ankara,Çankaya,128,4+1,21,4,Kombi,1,0,Boş,8611824
Ankara,Çankaya,144,1+1,28,3,Soba,0,0,Boş,3330197
Ankara,Çankaya,108,4+1,24,1,Soba,0,1,Eşyalı,8562263
Ankara,Çankaya,194,3+1,25,5+,Soba,0,1,Eşyalı,6921704
Ankara,Çankaya,116,1+1,4,5+,Kombi,0,0,Boş,3749460
Ankara,Etimesgut,180,2+1,17,Giriş,Merkezi,1,0,Boş,4643312
Ankara,Etimesgut,146,2+1,7,Giriş,Soba,1,1,Boş,4882310
Ankara,Etimesgut,158,3+1,2,Giriş,Kombi,0,0,Eşyalı,6318778
Ankara,Etimesgut,89,4+1,25,2,Kombi,0,0,Boş,7239923
Ankara,Etimesgut,110,2+1,1,1,Soba,1,0,Eşyalı,4868132
Ankara,Etimesgut,88,2+1,6,Giriş,Kombi,0,0,Eşyalı,4773335
Ankara,Etimesgut,183,2+1,27,5+,Soba,0,0,Eşyalı,4417107
Ankara,Etimesgut,66,3+1,12,2,Soba,1,1,Eşyalı,6347934
Ankara,Etimesgut,159,3+1,22,5+,Kombi,1,1,Eşyalı,6140210
Ankara,Etimesgut,177,2+1,19,5+,Soba,0,0,Boş,4593019
Ankara,Yenimahalle,98,4+1,28,5+,Kombi,1,1,Boş,7338664
Ankara,Yenimahalle,110,2+1,5,3,Merkezi,0,1,Eşyalı,4693617
Ankara,Yenimahalle,130,3+1,10,3,Soba,0,1,Eşyalı,6165662
Ankara,Yenimahalle,137,3+1,2,5+,Soba,1,0,Eşyalı,6147056
Ankara,Yenimahalle,141,1+1,18,3,Merkezi,1,1,Boş,3215252
Ankara,Yenimahalle,152,4+1,10,2,Soba,1,0,Eşyalı,7364832
Ankara,Yenimahalle,182,2+1,26,4,Merkezi,1,0,Boş,4438446
Ankara,Yenimahalle,146,3+1,9,1,Soba,1,1,Boş,6118248
Ankara,Yenimahalle,143,3+1,3,4,Soba,0,0,Eşyalı,6077586
Ankara,Yenimahalle,68,2+1,11,Giriş,Merkezi,1,1,Eşyalı,4532498
Ankara,Keçiören,149,4+1,1,2,Kombi,0,1,Boş,7356732
Ankara,Keçiören,105,3+1,17,5+,Kombi,1,0,Boş,5686640
Ankara,Keçiören,122,3+1,15,5+,Soba,1,1,Eşyalı,5813535
Ankara,Keçiören,134,1+1,25,2,Soba,0,1,Boş,2821589
Ankara,Keçiören,198,3+1,3,2,Kombi,1,1,Boş,5987142
Ankara,Keçiören,114,3+1,22,1,Merkezi,1,0,Boş,5748534
Ankara,Keçiören,180,4+1,13,2,Merkezi,0,1,Eşyalı,7191764
Ankara,Keçiören,87,2+1,19,4,Soba,0,0,Eşyalı,4130373
Ankara,Keçiören,164,4+1,8,Giriş,Merkezi,1,0,Eşyalı,7196051
Ankara,Keçiören,113,4+1,23,Giriş,Soba,0,0,Boş,6866325
Ankara,Mamak,147,2+1,9,1,Merkezi,1,1,Eşyalı,4268172
Ankara,Mamak,167,1+1,27,4,Kombi,1,1,Eşyalı,2660633
Ankara,Mamak,188,4+1,9,1,Soba,1,0,Boş,6744633
Ankara,Mamak,101,3+1,19,4,Merkezi,1,1,Boş,5415418
Ankara,Mamak,80,3+1,12,Giriş,Kombi,1,1,Boş,5326092
Ankara,Mamak,101,4+1,21,5+,Kombi,1,0,Eşyalı,6444241
Ankara,Mamak,62,3+1,0,Giriş,Merkezi,0,0,Eşyalı,5547715
Ankara,Mamak,166,3+1,9,3,Kombi,0,0,Eşyalı,5471721
Ankara,Mamak,164,1+1,1,2,Kombi,0,0,Eşyalı,2964374
Ankara,Mamak,183,1+1,29,3,Merkezi,1,1,Boş,2681848
Ankara,Sincan,177,4+1,23,4,Kombi,1,0,Eşyalı,6512008
Ankara,Sincan,66,1+1,9,1,Soba,1,0,Boş,2924876
Ankara,Sincan,165,2+1,4,5+,Kombi,1,0,Boş,4291883
Ankara,Sincan,168,3+1,28,4,Kombi,1,1,Eşyalı,5272839
Ankara,Sincan,163,2+1,3,4,Soba,0,0,Boş,4215474
Ankara,Sincan,137,4+1,23,3,Kombi,1,1,Boş,6666616
Ankara,Sincan,74,2+1,13,Giriş,Kombi,1,0,Boş,4154828
Ankara,Sincan,84,3+1,2,Giriş,Soba,1,0,Eşyalı,5639489
Ankara,Sincan,88,4+1,25,1,Merkezi,0,1,Boş,6602175
Ankara,Sincan,114,1+1,8,2,Kombi,0,0,Boş,3057925
Ankara,Altındağ,116,1+1,5,1,Soba,0,0,Eşyalı,2744948
Ankara,Altındağ,90,3+1,11,2,Merkezi,1,1,Boş,5385347
Ankara,Altındağ,147,3+1,23,Giriş,Soba,1,0,Eşyalı,4972200
Ankara,Altındağ,196,3+1,22,Giriş,Kombi,1,1,Eşyalı,5199932
Ankara,Altındağ,134,2+1,20,1,Merkezi,0,1,Eşyalı,3943040
Ankara,Altındağ,96,1+1,14,2,Merkezi,1,0,Boş,2779153
Ankara,Altındağ,120,1+1,11,Giriş,Soba,1,1,Eşyalı,2911941
Ankara,Altındağ,91,4+1,19,1,Kombi,0,1,Eşyalı,6362388
Ankara,Altındağ,61,2+1,29,1,Merkezi,1,1,Boş,3828170
Ankara,Altındağ,96,4+1,27,4,Kombi,0,1,Boş,6320286
Ankara,Pursaklar,73,4+1,25,3,Merkezi,0,0,Boş,5997418
Ankara,Pursaklar,93,3+1,9,1,Merkezi,1,0,Boş,5205254
Ankara,Pursaklar,143,1+1,2,2,Soba,0,1,Eşyalı,2921389
Ankara,Pursaklar,177,3+1,15,1,Soba,0,0,Eşyalı,4949411
Ankara,Pursaklar,168,1+1,23,1,Soba,1,1,Eşyalı,2676538
Ankara,Pursaklar,72,4+1,20,2,Soba,0,1,Eşyalı,6207513
Ankara,Pursaklar,123,3+1,23,Giriş,Kombi,1,0,Eşyalı,4927355
Ankara,Pursaklar,180,2+1,26,5+,Merkezi,0,0,Eşyalı,3677011
Ankara,Pursaklar,160,2+1,27,Giriş,Kombi,1,1,Boş,3846447
Ankara,Pursaklar,105,1+1,28,1,Merkezi,1,0,Eşyalı,2504123
Ankara,Gölbaşı,121,1+1,24,1,Kombi,1,0,Boş,2883277
Ankara,Gölbaşı,149,2+1,7,5+,Merkezi,0,0,Eşyalı,4565187
Ankara,Gölbaşı,114,4+1,5,3,Merkezi,1,1,Boş,7519111
Ankara,Gölbaşı,76,4+1,15,1,Soba,0,0,Boş,7163254
Ankara,Gölbaşı,105,4+1,19,2,Merkezi,1,0,Boş,7090585
Ankara,Gölbaşı,91,3+1,24,Giriş,Soba,1,1,Eşyalı,5745660
Ankara,Gölbaşı,68,2+1,6,Giriş,Merkezi,0,1,Eşyalı,4678659
Ankara,Gölbaşı,131,1+1,10,Giriş,Kombi,1,1,Eşyalı,3270204
Ankara,Gölbaşı,126,3+1,18,3,Merkezi,0,1,Eşyalı,5859763
Ankara,Gölbaşı,79,1+1,9,5+,Kombi,0,0,Boş,3058617
Ankara,Polatlı,179,1+1,10,Giriş,Merkezi,1,0,Eşyalı,2689077
Ankara,Polatlı,140,2+1,21,4,Kombi,1,0,Boş,3759786
Ankara,Polatlı,88,1+1,13,2,Merkezi,0,1,Boş,2595944
Ankara,Polatlı,191,2+1,23,4,Kombi,0,0,Eşyalı,3533540
Ankara,Polatlı,128,1+1,22,5+,Kombi,1,1,Boş,2581743
Ankara,Polatlı,89,4+1,9,5+,Soba,0,0,Boş,6189063
Ankara,Polatlı,83,4+1,6,4,Kombi,0,1,Boş,6389335
Ankara,Polatlı,194,2+1,8,1,Merkezi,0,1,Boş,3973143
Ankara,Polatlı,113,2+1,27,5+,Merkezi,0,0,Eşyalı,3464575
Ankara,Polatlı,197,1+1,21,3,Kombi,1,0,Boş,2614496
Ankara,Kahramankazan,124,3+1,13,4,Kombi,0,0,Boş,4819975
Ankara,Kahramankazan,142,1+1,19,Giriş,Kombi,0,1,Boş,2462050
Ankara,Kahramankazan,106,2+1,10,4,Merkezi,0,0,Eşyalı,3649213
Ankara,Kahramankazan,110,4+1,21,1,Kombi,1,0,Boş,5880717
Ankara,Kahramankazan,68,1+1,8,Giriş,Merkezi,0,0,Eşyalı,2558918
Ankara,Kahramankazan,194,3+1,18,3,Merkezi,1,0,Boş,4792274
Ankara,Kahramankazan,95,1+1,13,Giriş,Soba,0,0,Boş,2567905
Ankara,Kahramankazan,118,1+1,21,3,Soba,0,1,Eşyalı,2514147
Ankara,Kahramankazan,192,3+1,4,Giriş,Kombi,1,0,Eşyalı,4963874
Ankara,Kahramankazan,144,4+1,8,1,Soba,0,0,Eşyalı,6081926
Ankara,Çubuk,125,1+1,3,1,Kombi,1,1,Eşyalı,2621767
Ankara,Çubuk,166,2+1,23,4,Soba,0,0,Eşyalı,3336492
Ankara,Çubuk,97,1+1,7,3,Soba,0,1,Eşyalı,2537027
Ankara,Çubuk,182,4+1,0,1,Kombi,0,1,Eşyalı,5997139
Ankara,Çubuk,159,3+1,7,4,Soba,1,0,Eşyalı,4839514
Ankara,Çubuk,84,3+1,18,Giriş,Kombi,0,1,Eşyalı,4710725
Ankara,Çubuk,102,3+1,29,Giriş,Merkezi,0,1,Eşyalı,4493785
Ankara,Çubuk,132,3+1,22,Giriş,Merkezi,0,1,Eşyalı,4582893
Ankara,Çubuk,137,2+1,17,1,Merkezi,1,0,Eşyalı,3497571
Ankara,Çubuk,94,1+1,22,3,Soba,0,0,Eşyalı,2243486
Ankara,Akyurt,78,2+1,28,Giriş,Merkezi,0,1,Boş,3252491
Ankara,Akyurt,192,2+1,16,3,Merkezi,0,0,Eşyalı,3433495
Ankara,Akyurt,90,2+1,3,3,Merkezi,1,1,Eşyalı,3684536
Ankara,Akyurt,159,2+1,20,3,Kombi,0,0,Boş,3292864
Ankara,Akyurt,199,3+1,5,5+,Merkezi,1,1,Boş,4826049
Ankara,Akyurt,133,2+1,25,Giriş,Merkezi,0,1,Boş,3439327
Ankara,Akyurt,155,2+1,20,3,Kombi,1,0,Boş,3321835
Ankara,Akyurt,150,1+1,3,3,Kombi,0,0,Boş,2644376
Ankara,Akyurt,112,3+1,3,1,Kombi,1,0,Eşyalı,4679640
Ankara,Akyurt,126,4+1,25,1,Kombi,0,0,Boş,5415387
Ankara,Elmadağ,81,4+1,13,5+,Kombi,0,0,Eşyalı,5532237
Ankara,Elmadağ,169,2+1,4,2,Kombi,0,0,Boş,3487765
Ankara,Elmadağ,97,4+1,27,1,Soba,0,1,Eşyalı,5320017
Ankara,Elmadağ,76,3+1,12,4,Merkezi,0,1,Eşyalı,4428571
Ankara,Elmadağ,149,4+1,7,3,Merkezi,0,1,Boş,5727688
Ankara,Elmadağ,76,4+1,1,5+,Kombi,1,1,Boş,5800864
Ankara,Elmadağ,108,4+1,2,4,Kombi,0,0,Eşyalı,5724413
Ankara,Elmadağ,197,1+1,18,3,Soba,1,1,Boş,2432472
Ankara,Elmadağ,181,3+1,13,3,Merkezi,0,0,Boş,4503661
Ankara,Elmadağ,93,3+1,9,5+,Soba,1,1,Boş,4672646
Ankara,Ayaş,119,3+1,6,1,Merkezi,1,0,Eşyalı,4440451
Ankara,Ayaş,116,2+1,29,2,Merkezi,0,1,Eşyalı,3036586
Ankara,Ayaş,192,3+1,12,3,Merkezi,1,1,Eşyalı,4398253
Ankara,Ayaş,82,1+1,21,1,Soba,1,0,Boş,2119221
Ankara,Ayaş,167,1+1,18,2,Kombi,1,0,Eşyalı,2255813
Ankara,Ayaş,184,2+1,25,1,Soba,1,0,Eşyalı,3090299
Ankara,Ayaş,159,4+1,28,4,Soba,0,0,Boş,5025683
Ankara,Ayaş,113,3+1,10,5+,Kombi,0,1,Eşyalı,4435464
Ankara,Ayaş,181,3+1,6,3,Merkezi,0,1,Eşyalı,4566668
Ankara,Ayaş,157,1+1,8,1,Soba,0,1,Boş,2342117
Ankara,Bala,176,1+1,2,4,Kombi,0,1,Eşyalı,2369693
Ankara,Bala,80,4+1,9,2,Soba,0,1,Eşyalı,5171897
Ankara,Bala,129,3+1,11,2,Soba,1,0,Boş,4156512
Ankara,Bala,194,3+1,6,4,Merkezi,1,1,Boş,4360607
Ankara,Bala,129,1+1,4,1,Merkezi,0,0,Eşyalı,2337531
Ankara,Bala,184,3+1,4,3,Soba,1,0,Boş,4333175
Ankara,Bala,183,4+1,6,3,Merkezi,1,1,Boş,5305121
Ankara,Bala,84,3+1,2,4,Soba,0,1,Boş,4347286
Ankara,Bala,163,4+1,1,2,Merkezi,1,0,Boş,5319926
Ankara,Bala,169,3+1,10,3,Merkezi,0,1,Eşyalı,4295500
Ankara,Beypazarı,102,1+1,11,3,Kombi,0,0,Boş,2195829
Ankara,Beypazarı,76,3+1,1,3,Soba,1,0,Boş,4585213
Ankara,Beypazarı,198,4+1,14,4,Merkezi,1,0,Eşyalı,5442886
Ankara,Beypazarı,95,3+1,7,2,Kombi,1,0,Boş,4543760
Ankara,Beypazarı,194,4+1,6,4,Soba,1,1,Eşyalı,5775939
Ankara,Beypazarı,174,4+1,18,3,Merkezi,1,0,Boş,5514603
Ankara,Beypazarı,153,1+1,7,5+,Kombi,1,0,Boş,2392054
Ankara,Beypazarı,187,2+1,0,1,Soba,1,0,Eşyalı,3548744
Ankara,Beypazarı,166,3+1,4,5+,Merkezi,1,0,Eşyalı,4587564
Ankara,Beypazarı,146,4+1,11,1,Soba,0,1,Eşyalı,5556512
Ankara,Kızılcahamam,136,1+1,28,2,Kombi,0,0,Boş,1953335
Ankara,Kızılcahamam,176,1+1,2,4,Kombi,1,1,Boş,2458629
Ankara,Kızılcahamam,131,4+1,5,1,Merkezi,0,1,Eşyalı,5528951
Ankara,Kızılcahamam,151,1+1,1,1,Soba,0,1,Eşyalı,2502653
Ankara,Kızılcahamam,102,2+1,20,1,Kombi,1,0,Eşyalı,3172537
Ankara,Kızılcahamam,194,4+1,6,Giriş,Soba,1,0,Boş,5527112
Ankara,Kızılcahamam,187,3+1,17,5+,Merkezi,0,1,Boş,4329438
Ankara,Kızılcahamam,174,4+1,4,5+,Merkezi,1,0,Boş,5615259
Ankara,Kızılcahamam,93,2+1,17,3,Merkezi,0,1,Eşyalı,3306970
Ankara,Kızılcahamam,116,2+1,10,4,Soba,1,1,Eşyalı,3526212
Ankara,Nallıhan,188,4+1,10,3,Soba,1,1,Boş,5382777
Ankara,Nallıhan,155,4+1,14,4,Soba,0,0,Eşyalı,5101188
Ankara,Nallıhan,169,2+1,26,4,Kombi,1,1,Boş,3028582
Ankara,Nallıhan,149,3+1,0,4,Soba,0,1,Boş,4490191
Ankara,Nallıhan,193,3+1,14,4,Merkezi,1,1,Eşyalı,4288438
Ankara,Nallıhan,130,3+1,16,4,Soba,1,0,Eşyalı,4128169
Ankara,Nallıhan,115,2+1,3,3,Kombi,1,0,Boş,3308074
Ankara,Nallıhan,69,1+1,15,5+,Kombi,0,0,Eşyalı,2064170
Ankara,Nallıhan,166,3+1,23,3,Merkezi,1,0,Boş,4200934
Ankara,Nallıhan,65,4+1,28,2,Kombi,0,1,Boş,4957072
Ankara,Şereflikoçhisar,195,2+1,25,Giriş,Merkezi,0,0,Eşyalı,2915596
Ankara,Şereflikoçhisar,148,4+1,28,Giriş,Merkezi,1,0,Eşyalı,4785104
Ankara,Şereflikoçhisar,108,2+1,18,Giriş,Soba,0,0,Eşyalı,2909405
Ankara,Şereflikoçhisar,193,1+1,19,Giriş,Soba,1,1,Boş,2131495
Ankara,Şereflikoçhisar,123,2+1,23,2,Kombi,0,1,Boş,2896334
Ankara,Şereflikoçhisar,165,1+1,0,3,Merkezi,0,1,Boş,2491561
Ankara,Şereflikoçhisar,79,1+1,12,2,Soba,1,1,Boş,2190998
Ankara,Şereflikoçhisar,176,1+1,7,Giriş,Merkezi,1,0,Boş,2209747
Ankara,Şereflikoçhisar,131,2+1,29,1,Merkezi,1,0,Eşyalı,2705659
Ankara,Şereflikoçhisar,128,2+1,15,3,Soba,0,0,Eşyalı,2879813
Ankara,Güdül,197,3+1,0,5+,Soba,1,1,Eşyalı,4376121
Ankara,Güdül,109,1+1,27,2,Merkezi,1,1,Eşyalı,1982447
Ankara,Güdül,82,1+1,22,3,Merkezi,1,0,Eşyalı,1896689
Ankara,Güdül,161,1+1,14,5+,Kombi,1,1,Boş,2250639
Ankara,Güdül,129,1+1,27,2,Soba,1,1,Eşyalı,1957914
Ankara,Güdül,121,2+1,8,2,Soba,0,0,Boş,3067354
Ankara,Güdül,119,1+1,27,1,Soba,1,1,Boş,1906334
Ankara,Güdül,143,4+1,5,1,Soba,1,0,Boş,5030716
Ankara,Güdül,130,4+1,12,2,Kombi,0,1,Boş,4979119
Ankara,Güdül,104,3+1,15,4,Soba,0,1,Boş,3958797
Ankara,Evren,91,1+1,16,4,Soba,0,1,Eşyalı,1999355
Ankara,Evren,133,2+1,7,3,Soba,1,0,Eşyalı,3127024
Ankara,Evren,162,2+1,5,2,Soba,1,0,Boş,2976881
Ankara,Evren,124,1+1,17,5+,Soba,1,0,Eşyalı,2021650
Ankara,Evren,166,3+1,16,3,Kombi,0,0,Eşyalı,3854247
Ankara,Evren,102,4+1,27,5+,Merkezi,0,0,Eşyalı,4557854
Ankara,Evren,94,3+1,2,3,Soba,1,1,Boş,4211065
Ankara,Evren,61,1+1,13,4,Merkezi,1,1,Boş,2113370
Ankara,Evren,175,3+1,5,3,Kombi,1,1,Boş,4126330
Ankara,Evren,63,1+1,4,4,Kombi,1,1,Eşyalı,2362091
Ankara,Çamlıdere,161,2+1,28,3,Soba,0,1,Boş,2740983
Ankara,Çamlıdere,92,4+1,16,Giriş,Soba,0,1,Boş,4710331
Ankara,Çamlıdere,156,1+1,13,2,Merkezi,1,1,Boş,2118970
Ankara,Çamlıdere,191,3+1,2,3,Soba,1,1,Boş,3990862
Ankara,Çamlıdere,138,1+1,11,1,Soba,1,1,Eşyalı,2189167
Ankara,Çamlıdere,148,2+1,18,3,Soba,0,0,Eşyalı,2787769
Ankara,Çamlıdere,76,2+1,25,1,Merkezi,0,1,Eşyalı,2773947
Ankara,Çamlıdere,122,1+1,14,5+,Kombi,0,0,Boş,1876528
Ankara,Çamlıdere,103,4+1,5,5+,Soba,0,1,Boş,4834612
Ankara,Çamlıdere,160,4+1,18,1,Merkezi,0,1,Boş,4682006
Ankara,Kalecik,140,3+1,27,3,Kombi,0,0,Boş,3623583
Ankara,Kalecik,122,4+1,17,Giriş,Kombi,0,0,Boş,4620977
Ankara,Kalecik,178,1+1,16,5+,Soba,1,0,Boş,1949155
Ankara,Kalecik,103,2+1,11,Giriş,Merkezi,1,1,Eşyalı,3011322
Ankara,Kalecik,84,3+1,19,1,Merkezi,1,0,Boş,3766703
Ankara,Kalecik,134,2+1,14,2,Soba,1,1,Eşyalı,3058578
Ankara,Kalecik,78,2+1,18,1,Soba,1,1,Boş,2909578
Ankara,Kalecik,151,3+1,13,4,Merkezi,0,0,Boş,3790600
Ankara,Kalecik,110,1+1,15,3,Soba,1,0,Boş,1950962
Ankara,Kalecik,133,4+1,27,Giriş,Kombi,1,0,Eşyalı,4553417
Antalya,Muratpaşa,60,4+1,17,4,Kombi,0,0,Eşyalı,10904447
Antalya,Muratpaşa,66,3+1,14,Giriş,Kombi,1,0,Eşyalı,8958217
Antalya,Muratpaşa,90,3+1,18,5+,Soba,0,1,Boş,8936191
Antalya,Muratpaşa,120,3+1,13,2,Kombi,1,1,Eşyalı,9120799
Antalya,Muratpaşa,107,1+1,5,4,Merkezi,0,0,Eşyalı,4712693
Antalya,Muratpaşa,82,3+1,29,2,Kombi,1,0,Boş,8719991
Antalya,Muratpaşa,95,3+1,0,3,Kombi,1,1,Eşyalı,9367888
Antalya,Muratpaşa,103,3+1,14,1,Merkezi,0,1,Eşyalı,8945317
Antalya,Muratpaşa,61,4+1,20,5+,Soba,1,0,Eşyalı,10937924
Antalya,Muratpaşa,119,1+1,23,4,Soba,0,0,Eşyalı,4429872
Antalya,Konyaaltı,109,2+1,3,Giriş,Kombi,1,1,Eşyalı,7590742
Antalya,Konyaaltı,148,4+1,12,2,Kombi,1,0,Boş,11993142
Antalya,Konyaaltı,66,1+1,0,4,Merkezi,1,0,Eşyalı,5316279
Antalya,Konyaaltı,145,1+1,27,Giriş,Kombi,1,0,Eşyalı,4871646
Antalya,Konyaaltı,62,2+1,25,1,Kombi,0,0,Eşyalı,7107415
Antalya,Konyaaltı,132,2+1,22,1,Kombi,1,1,Eşyalı,7360762
Antalya,Konyaaltı,148,4+1,18,3,Kombi,0,1,Boş,11816802
Antalya,Konyaaltı,188,4+1,23,Giriş,Kombi,1,1,Eşyalı,11933680
Antalya,Konyaaltı,85,1+1,11,4,Merkezi,1,0,Boş,5143495
Antalya,Konyaaltı,174,3+1,9,1,Kombi,0,1,Eşyalı,9808437
Antalya,Kepez,153,4+1,19,3,Merkezi,0,0,Eşyalı,8921463
Antalya,Kepez,111,4+1,27,Giriş,Kombi,0,1,Eşyalı,8827494
Antalya,Kepez,130,2+1,25,1,Merkezi,1,1,Boş,5612615
Antalya,Kepez,71,4+1,1,2,Kombi,0,1,Boş,9414925
Antalya,Kepez,160,4+1,3,1,Soba,1,1,Boş,9373992
Antalya,Kepez,128,4+1,28,4,Kombi,0,1,Boş,9111902
Antalya,Kepez,111,4+1,15,Giriş,Kombi,0,0,Boş,8867909
Antalya,Kepez,70,3+1,1,4,Merkezi,1,1,Boş,7665457
Antalya,Kepez,133,4+1,19,Giriş,Soba,0,0,Boş,8933286
Antalya,Kepez,88,1+1,11,3,Kombi,1,0,Boş,3973900
Antalya,Alanya,106,4+1,19,Giriş,Merkezi,0,1,Boş,11353769
Antalya,Alanya,78,2+1,17,4,Soba,1,0,Eşyalı,7026441
Antalya,Alanya,129,1+1,8,Giriş,Soba,0,0,Boş,4796791
Antalya,Alanya,92,1+1,13,3,Soba,0,0,Boş,4791629
Antalya,Alanya,123,4+1,5,1,Merkezi,0,1,Eşyalı,11533875
Antalya,Alanya,147,3+1,5,5+,Merkezi,1,0,Eşyalı,9309696
Antalya,Alanya,149,4+1,15,Giriş,Kombi,0,0,Eşyalı,11259676
Antalya,Alanya,188,4+1,12,1,Kombi,1,0,Eşyalı,11412248
Antalya,Alanya,167,3+1,10,3,Kombi,0,0,Boş,9083486
Antalya,Alanya,183,4+1,12,5+,Merkezi,0,1,Eşyalı,11437053
Antalya,Manavgat,138,4+1,13,2,Soba,1,1,Eşyalı,11046279
Antalya,Manavgat,173,1+1,25,2,Soba,0,1,Eşyalı,4624951
Antalya,Manavgat,73,3+1,14,3,Kombi,1,0,Boş,8799883
Antalya,Manavgat,146,2+1,21,5+,Kombi,0,1,Boş,6633815
Antalya,Manavgat,179,2+1,12,Giriş,Soba,0,0,Eşyalı,6787031
Antalya,Manavgat,163,3+1,15,Giriş,Soba,0,0,Eşyalı,8602821
Antalya,Manavgat,65,1+1,2,5+,Soba,0,0,Eşyalı,4839733
Antalya,Manavgat,111,4+1,15,Giriş,Merkezi,1,0,Boş,10874811
Antalya,Manavgat,139,2+1,2,5+,Merkezi,0,1,Eşyalı,6988131
Antalya,Manavgat,124,3+1,3,5+,Merkezi,1,0,Boş,8957841
Antalya,Serik,80,3+1,12,3,Soba,1,0,Eşyalı,7974237
Antalya,Serik,113,2+1,15,3,Merkezi,1,0,Eşyalı,6001608
Antalya,Serik,159,4+1,12,2,Kombi,0,0,Eşyalı,9702671
Antalya,Serik,96,4+1,29,5+,Merkezi,1,1,Eşyalı,9605696
Antalya,Serik,153,2+1,8,Giriş,Merkezi,1,0,Eşyalı,6213884
Antalya,Serik,155,3+1,13,5+,Merkezi,1,0,Eşyalı,7970435
Antalya,Serik,135,2+1,8,2,Kombi,0,1,Eşyalı,6240352
Antalya,Serik,103,2+1,13,4,Soba,1,0,Eşyalı,6031833
Antalya,Serik,118,4+1,19,4,Soba,1,1,Eşyalı,9872759
Antalya,Serik,193,3+1,7,3,Merkezi,0,0,Eşyalı,7982007
Antalya,Aksu,118,2+1,13,2,Soba,0,0,Eşyalı,5652584
Antalya,Aksu,105,3+1,6,1,Kombi,1,1,Eşyalı,7796583
Antalya,Aksu,86,1+1,3,5+,Merkezi,0,0,Eşyalı,4117380
Antalya,Aksu,184,2+1,3,Giriş,Kombi,0,0,Boş,6041054
Antalya,Aksu,139,1+1,28,2,Kombi,0,1,Boş,3823043
Antalya,Aksu,81,2+1,26,3,Merkezi,0,0,Eşyalı,5550569
Antalya,Aksu,192,4+1,7,4,Soba,0,0,Eşyalı,9541436
Antalya,Aksu,65,1+1,11,5+,Kombi,1,1,Boş,4247334
Antalya,Aksu,67,2+1,27,Giriş,Soba,0,1,Boş,5625794
Antalya,Aksu,70,4+1,28,2,Soba,1,0,Boş,9225109
Antalya,Döşemealtı,141,2+1,12,4,Soba,1,1,Boş,6403469
Antalya,Döşemealtı,75,3+1,10,4,Merkezi,1,1,Boş,8365916
Antalya,Döşemealtı,82,2+1,22,5+,Soba,1,1,Boş,6117439
Antalya,Döşemealtı,152,3+1,16,2,Kombi,1,1,Eşyalı,8195910
Antalya,Döşemealtı,60,2+1,15,2,Merkezi,0,1,Boş,6138436
Antalya,Döşemealtı,110,3+1,25,5+,Kombi,0,0,Boş,7865270
Antalya,Döşemealtı,60,2+1,28,3,Soba,0,0,Eşyalı,5892744
Antalya,Döşemealtı,96,1+1,1,4,Soba,0,0,Eşyalı,4449015
Antalya,Döşemealtı,139,4+1,4,3,Soba,1,0,Eşyalı,10281779
Antalya,Döşemealtı,148,1+1,26,1,Merkezi,1,1,Eşyalı,4209235
Antalya,Kemer,134,1+1,17,4,Soba,1,1,Boş,4930773
Antalya,Kemer,164,1+1,20,4,Kombi,1,1,Boş,5075126
Antalya,Kemer,146,4+1,13,Giriş,Soba,0,1,Eşyalı,11614476
Antalya,Kemer,72,2+1,25,1,Merkezi,1,1,Boş,7041278
Antalya,Kemer,114,1+1,20,1,Kombi,0,1,Eşyalı,4866352
Antalya,Kemer,111,2+1,25,Giriş,Merkezi,1,1,Eşyalı,7048340
Antalya,Kemer,61,2+1,27,3,Merkezi,1,1,Boş,7096803
Antalya,Kemer,101,1+1,10,Giriş,Soba,0,1,Eşyalı,5015650
Antalya,Kemer,103,2+1,13,3,Merkezi,1,0,Eşyalı,7269410
Antalya,Kemer,129,4+1,0,4,Merkezi,0,1,Boş,11835556
Antalya,Kaş,156,4+1,21,Giriş,Soba,0,1,Boş,11955483
Antalya,Kaş,73,2+1,29,Giriş,Soba,1,1,Boş,7350260
Antalya,Kaş,104,1+1,25,1,Soba,0,0,Eşyalı,4812397
Antalya,Kaş,127,4+1,7,2,Soba,1,0,Boş,12029151
Antalya,Kaş,186,1+1,13,5+,Soba,1,1,Eşyalı,5327187
Antalya,Kaş,144,2+1,21,2,Soba,1,0,Eşyalı,7297344
Antalya,Kaş,141,3+1,28,2,Soba,1,1,Boş,9619003
Antalya,Kaş,80,4+1,28,Giriş,Merkezi,0,0,Boş,11672262
Antalya,Kaş,118,3+1,12,4,Merkezi,1,1,Eşyalı,9911153
Antalya,Kaş,159,2+1,28,Giriş,Soba,1,0,Boş,7066090
Antalya,Finike,75,2+1,26,4,Merkezi,1,0,Eşyalı,5913834
Antalya,Finike,149,4+1,12,3,Soba,0,0,Boş,9886447
Antalya,Finike,109,4+1,6,2,Soba,1,0,Eşyalı,10051068
Antalya,Finike,153,1+1,9,5+,Soba,1,1,Eşyalı,4470088
Antalya,Finike,87,4+1,14,2,Kombi,1,1,Eşyalı,10067079
Antalya,Finike,171,1+1,6,3,Merkezi,0,0,Boş,4451908
Antalya,Finike,128,3+1,11,3,Merkezi,1,1,Eşyalı,8243305
Antalya,Finike,177,4+1,4,1,Merkezi,1,0,Eşyalı,10138565
Antalya,Finike,146,1+1,1,3,Merkezi,0,1,Boş,4506060
Antalya,Finike,195,1+1,6,3,Merkezi,0,0,Eşyalı,4400882
Antalya,Kumluca,198,3+1,1,3,Soba,0,0,Boş,8127932
Antalya,Kumluca,119,4+1,6,Giriş,Soba,0,0,Boş,9831521
Antalya,Kumluca,122,1+1,15,5+,Kombi,0,1,Eşyalı,4210395
Antalya,Kumluca,182,4+1,25,2,Merkezi,0,0,Eşyalı,9489782
Antalya,Kumluca,133,1+1,11,1,Merkezi,1,0,Boş,4248454
Antalya,Kumluca,165,3+1,6,2,Merkezi,1,0,Boş,7981099
Antalya,Kumluca,175,4+1,28,2,Merkezi,0,1,Eşyalı,9518780
Antalya,Kumluca,189,1+1,6,1,Merkezi,1,1,Boş,4488882
Antalya,Kumluca,113,3+1,22,1,Soba,0,0,Boş,7624125
Antalya,Kumluca,81,3+1,21,2,Merkezi,1,1,Eşyalı,7835494
Antalya,Demre,192,1+1,10,1,Merkezi,1,0,Eşyalı,4066945
Antalya,Demre,137,2+1,29,Giriş,Merkezi,0,0,Eşyalı,5508538
Antalya,Demre,137,4+1,19,4,Soba,1,1,Eşyalı,9243542
Antalya,Demre,98,4+1,16,2,Soba,0,1,Boş,9375987
Antalya,Demre,143,3+1,6,4,Merkezi,1,0,Boş,7686160
Antalya,Demre,131,4+1,13,2,Kombi,0,1,Boş,9353295
Antalya,Demre,140,4+1,16,3,Merkezi,1,1,Eşyalı,9358492
Antalya,Demre,167,3+1,0,Giriş,Merkezi,0,1,Eşyalı,7941464
Antalya,Demre,132,2+1,19,2,Soba,0,0,Eşyalı,5623180
Antalya,Demre,89,2+1,14,3,Soba,0,1,Eşyalı,5798530
Antalya,Gazipaşa,165,2+1,13,2,Merkezi,1,0,Boş,5910275
Antalya,Gazipaşa,101,2+1,16,5+,Soba,0,0,Eşyalı,5736002
Antalya,Gazipaşa,79,1+1,4,Giriş,Soba,0,0,Boş,4117767
Antalya,Gazipaşa,193,4+1,3,2,Soba,1,0,Boş,9738296
Antalya,Gazipaşa,181,3+1,16,1,Soba,0,0,Eşyalı,7597915
Antalya,Gazipaşa,76,3+1,24,5+,Kombi,1,0,Eşyalı,7474216
Antalya,Gazipaşa,95,2+1,6,5+,Kombi,1,0,Eşyalı,5993036
Antalya,Gazipaşa,100,2+1,14,4,Merkezi,0,1,Boş,5822873
Antalya,Gazipaşa,199,2+1,2,Giriş,Soba,0,0,Boş,5937677
Antalya,Gazipaşa,159,1+1,27,Giriş,Soba,0,1,Boş,3887152
Antalya,Korkuteli,81,4+1,24,1,Soba,1,0,Boş,8416483
Antalya,Korkuteli,79,2+1,1,5+,Merkezi,1,0,Boş,5496170
Antalya,Korkuteli,67,2+1,9,2,Kombi,1,0,Boş,5280935
Antalya,Korkuteli,107,4+1,15,2,Merkezi,0,0,Eşyalı,8612616
Antalya,Korkuteli,185,4+1,0,Giriş,Kombi,0,0,Eşyalı,8761538
Antalya,Korkuteli,169,3+1,2,3,Soba,1,1,Boş,7254401
Antalya,Korkuteli,123,4+1,12,Giriş,Soba,0,0,Boş,8439218
Antalya,Korkuteli,70,1+1,22,1,Merkezi,1,1,Boş,3529581
Antalya,Korkuteli,64,2+1,29,5+,Kombi,1,1,Eşyalı,5265992
Antalya,Korkuteli,160,4+1,15,Giriş,Merkezi,0,1,Eşyalı,8726731
Antalya,Elmalı,120,2+1,10,1,Kombi,0,1,Boş,5481568
Antalya,Elmalı,146,2+1,12,2,Merkezi,1,0,Eşyalı,5277967
Antalya,Elmalı,159,2+1,18,5+,Merkezi,0,0,Boş,5041042
Antalya,Elmalı,172,1+1,16,Giriş,Merkezi,0,1,Eşyalı,3606834
Antalya,Elmalı,66,3+1,27,2,Merkezi,1,0,Eşyalı,6878037
Antalya,Elmalı,178,2+1,24,1,Soba,0,0,Boş,5011565
Antalya,Elmalı,135,4+1,12,3,Merkezi,1,1,Eşyalı,8616011
Antalya,Elmalı,81,1+1,23,3,Merkezi,1,1,Eşyalı,3607348
Antalya,Elmalı,110,1+1,20,3,Soba,0,0,Boş,3281345
Antalya,Elmalı,104,1+1,23,5+,Soba,1,0,Eşyalı,3412771
Antalya,Akseki,188,1+1,9,Giriş,Soba,0,1,Boş,3691005
Antalya,Akseki,146,1+1,0,Giriş,Kombi,0,1,Boş,3865443
Antalya,Akseki,73,3+1,6,Giriş,Kombi,1,0,Eşyalı,6795985
Antalya,Akseki,127,4+1,15,5+,Kombi,0,1,Boş,8193563
Antalya,Akseki,87,4+1,13,4,Kombi,0,0,Eşyalı,8018489
Antalya,Akseki,129,2+1,18,Giriş,Kombi,1,0,Boş,4983984
Antalya,Akseki,116,3+1,19,5+,Soba,1,0,Boş,6532362
Antalya,Akseki,77,1+1,21,5+,Merkezi,0,1,Boş,3432082
Antalya,Akseki,166,2+1,5,4,Kombi,1,1,Eşyalı,5477769
Antalya,Akseki,71,1+1,13,2,Merkezi,0,0,Eşyalı,3444545
Antalya,Gündoğmuş,108,2+1,18,1,Kombi,1,0,Eşyalı,4852890
Antalya,Gündoğmuş,103,2+1,18,5+,Soba,1,0,Boş,4801001
Antalya,Gündoğmuş,111,3+1,4,5+,Soba,0,0,Eşyalı,6623393
Antalya,Gündoğmuş,187,4+1,28,3,Soba,0,0,Eşyalı,7740107
Antalya,Gündoğmuş,89,3+1,1,4,Kombi,0,0,Boş,6681436
Antalya,Gündoğmuş,171,2+1,3,2,Soba,0,1,Boş,5261002
Antalya,Gündoğmuş,163,1+1,11,Giriş,Kombi,0,0,Boş,3541142
Antalya,Gündoğmuş,91,4+1,21,4,Merkezi,0,1,Eşyalı,7892279
Antalya,Gündoğmuş,182,3+1,3,2,Merkezi,1,0,Eşyalı,6574899
Antalya,Gündoğmuş,139,2+1,22,2,Kombi,0,1,Eşyalı,4890857
Antalya,İbradı,102,1+1,26,3,Kombi,0,0,Eşyalı,3051487
Antalya,İbradı,198,1+1,7,2,Merkezi,1,0,Eşyalı,3471876
Antalya,İbradı,88,2+1,0,3,Merkezi,0,1,Eşyalı,5164184
Antalya,İbradı,64,2+1,10,5+,Soba,1,0,Boş,4916007
Antalya,İbradı,118,3+1,17,2,Soba,0,1,Eşyalı,6268329
Antalya,İbradı,81,4+1,25,Giriş,Kombi,0,0,Boş,7650111
Antalya,İbradı,165,2+1,29,4,Soba,0,1,Eşyalı,4491530
Antalya,İbradı,149,2+1,23,2,Kombi,1,0,Eşyalı,4779961
Antalya,İbradı,162,2+1,9,Giriş,Merkezi,1,0,Boş,4948178
Antalya,İbradı,151,2+1,21,5+,Kombi,0,1,Eşyalı,4681614
Ardahan,Ardahan Merkez,102,2+1,12,1,Kombi,0,0,Boş,2365731
Ardahan,Ardahan Merkez,142,3+1,6,3,Kombi,0,0,Boş,3110868
Ardahan,Ardahan Merkez,152,1+1,35,Giriş,Kombi,0,1,Boş,1621662
Ardahan,Ardahan Merkez,118,2+1,39,Giriş,Kombi,1,1,Eşyalı,2179467
Ardahan,Ardahan Merkez,167,1+1,37,3,Soba,0,0,Boş,1548161
Ardahan,Ardahan Merkez,97,2+1,3,2,Kombi,0,1,Eşyalı,2526869
Ardahan,Ardahan Merkez,158,2+1,30,3,Kombi,0,0,Eşyalı,2206305
Ardahan,Ardahan Merkez,114,3+1,26,Giriş,Kombi,0,1,Boş,2957206
Ardahan,Ardahan Merkez,159,1+1,5,3,Kombi,1,0,Eşyalı,1910718
Ardahan,Ardahan Merkez,103,3+1,31,1,Kombi,0,1,Boş,2900620
Ardahan,Göle,124,2+1,34,2,Kombi,1,0,Eşyalı,1927543
Ardahan,Göle,151,3+1,16,3,Soba,1,0,Eşyalı,2656178
Ardahan,Göle,137,2+1,34,1,Soba,0,0,Boş,1872904
Ardahan,Göle,95,1+1,37,Giriş,Soba,1,0,Boş,1323577
Ardahan,Göle,82,3+1,30,2,Soba,1,1,Boş,2654078
Ardahan,Göle,111,2+1,26,3,Kombi,0,0,Eşyalı,1973507
Ardahan,Göle,84,1+1,0,Giriş,Soba,1,0,Boş,1632385
Ardahan,Göle,171,1+1,0,1,Kombi,0,0,Eşyalı,1625724
Ardahan,Göle,132,3+1,30,2,Soba,1,0,Eşyalı,2553420
Ardahan,Göle,176,3+1,30,2,Soba,0,1,Eşyalı,2556071
Ardahan,Hanak,66,3+1,32,Giriş,Kombi,0,1,Boş,2326086
Ardahan,Hanak,172,1+1,29,3,Soba,0,1,Eşyalı,1358591
Ardahan,Hanak,62,1+1,31,Giriş,Soba,0,0,Eşyalı,1201712
Ardahan,Hanak,83,1+1,38,3,Kombi,1,0,Boş,1270156
Ardahan,Hanak,89,1+1,34,1,Kombi,1,0,Boş,1287994
Ardahan,Hanak,91,2+1,38,3,Soba,0,0,Eşyalı,1729704
Ardahan,Hanak,154,3+1,30,2,Soba,1,1,Boş,2407440
Ardahan,Hanak,174,2+1,28,1,Soba,0,0,Boş,1895197
Ardahan,Hanak,66,2+1,5,3,Soba,1,1,Eşyalı,2134673
Ardahan,Hanak,85,2+1,28,Giriş,Soba,0,1,Boş,1883500
Ardahan,Posof,101,1+1,20,1,Kombi,0,1,Boş,1421824
Ardahan,Posof,156,1+1,25,3,Soba,1,1,Boş,1395022
Ardahan,Posof,67,3+1,22,3,Kombi,1,0,Boş,2302249
Ardahan,Posof,62,1+1,31,2,Kombi,1,1,Boş,1349604
Ardahan,Posof,104,1+1,5,1,Soba,1,1,Boş,1486095
Ardahan,Posof,88,3+1,11,3,Kombi,0,0,Boş,2381021
Ardahan,Posof,178,1+1,6,2,Soba,0,1,Boş,1474006
Ardahan,Posof,100,2+1,39,1,Soba,0,0,Boş,1641620
Ardahan,Posof,150,3+1,4,1,Kombi,0,1,Boş,2516807
Ardahan,Posof,126,3+1,38,1,Soba,1,0,Boş,2169582
Ardahan,Çıldır,135,2+1,2,1,Kombi,1,0,Boş,1920774
Ardahan,Çıldır,79,2+1,0,2,Soba,0,0,Eşyalı,1889841
Ardahan,Çıldır,150,2+1,28,2,Kombi,0,0,Eşyalı,1717291
Ardahan,Çıldır,134,3+1,16,3,Soba,1,0,Eşyalı,2305748
Ardahan,Çıldır,69,1+1,10,Giriş,Soba,0,1,Boş,1395997
Ardahan,Çıldır,87,1+1,1,Giriş,Soba,1,0,Eşyalı,1473235
Ardahan,Çıldır,91,2+1,35,3,Soba,1,1,Boş,1692061
Ardahan,Çıldır,70,1+1,1,Giriş,Kombi,1,0,Eşyalı,1501690
Ardahan,Çıldır,135,2+1,38,Giriş,Kombi,1,1,Eşyalı,1619431
Ardahan,Çıldır,104,2+1,15,3,Soba,1,0,Boş,1833009
Ardahan,Damal,63,1+1,20,3,Kombi,0,1,Eşyalı,1240626
Ardahan,Damal,75,3+1,17,1,Kombi,0,0,Boş,2110267
Ardahan,Damal,109,3+1,17,2,Kombi,0,1,Eşyalı,2106413
Ardahan,Damal,176,3+1,34,3,Kombi,1,1,Eşyalı,2018513
Ardahan,Damal,125,1+1,37,2,Soba,1,1,Boş,1092830
Ardahan,Damal,92,1+1,17,3,Kombi,0,1,Eşyalı,1296350
Ardahan,Damal,178,3+1,6,1,Soba,1,0,Eşyalı,2225994
Ardahan,Damal,95,2+1,37,1,Kombi,0,1,Eşyalı,1455539
Ardahan,Damal,74,2+1,32,1,Soba,1,0,Eşyalı,1600288
Ardahan,Damal,107,1+1,14,Giriş,Kombi,1,0,Boş,1236928
Ağrı,Ağrı Merkez,88,2+1,23,4,Kombi,0,1,Eşyalı,2894175
Ağrı,Ağrı Merkez,159,2+1,35,1,Kombi,1,0,Boş,2711464
Ağrı,Ağrı Merkez,114,3+1,15,4,Kombi,1,1,Eşyalı,3607163
Ağrı,Ağrı Merkez,123,1+1,34,3,Soba,0,0,Eşyalı,2065414
Ağrı,Ağrı Merkez,119,2+1,37,2,Soba,1,0,Boş,2707857
Ağrı,Ağrı Merkez,109,2+1,23,1,Kombi,0,1,Eşyalı,2900804
Ağrı,Ağrı Merkez,85,2+1,31,2,Kombi,1,1,Eşyalı,2846267
Ağrı,Ağrı Merkez,135,3+1,9,Zemin,Soba,1,0,Eşyalı,3614395
Ağrı,Ağrı Merkez,127,1+1,30,3,Soba,1,1,Boş,2222267
Ağrı,Ağrı Merkez,119,3+1,7,4,Kombi,0,1,Boş,3531961
Ağrı,Doğubayazıt,72,2+1,14,1,Kombi,0,1,Eşyalı,2869210
Ağrı,Doğubayazıt,90,2+1,22,4,Kombi,0,0,Boş,2727761
Ağrı,Doğubayazıt,61,1+1,16,2,Kombi,0,0,Eşyalı,2169116
Ağrı,Doğubayazıt,75,1+1,1,4,Soba,0,1,Boş,2395995
Ağrı,Doğubayazıt,96,2+1,17,4,Kombi,1,0,Eşyalı,2799554
Ağrı,Doğubayazıt,133,3+1,9,2,Kombi,1,1,Boş,3536908
Ağrı,Doğubayazıt,104,1+1,9,3,Kombi,0,0,Eşyalı,2214242
Ağrı,Doğubayazıt,138,2+1,24,Zemin,Soba,0,1,Eşyalı,2739461
Ağrı,Doğubayazıt,130,2+1,38,4,Kombi,0,0,Boş,2596235
Ağrı,Doğubayazıt,141,2+1,16,2,Kombi,1,0,Eşyalı,2874683
Ağrı,Patnos,65,1+1,37,1,Soba,0,1,Eşyalı,1891292
Ağrı,Patnos,105,2+1,36,3,Soba,1,0,Eşyalı,2423556
Ağrı,Patnos,118,2+1,9,1,Kombi,0,0,Eşyalı,2752951
Ağrı,Patnos,123,2+1,36,2,Soba,0,0,Boş,2461143
Ağrı,Patnos,83,2+1,24,4,Soba,1,0,Eşyalı,2647930
Ağrı,Patnos,65,1+1,2,4,Soba,1,0,Boş,2256748
Ağrı,Patnos,157,1+1,3,3,Soba,0,0,Eşyalı,2235633
Ağrı,Patnos,133,3+1,26,Zemin,Soba,0,1,Eşyalı,3185512
Ağrı,Patnos,75,2+1,24,4,Kombi,0,0,Boş,2513512
Ağrı,Patnos,138,1+1,39,3,Soba,0,0,Eşyalı,1918659
Ağrı,Diyadin,100,2+1,34,4,Kombi,0,0,Boş,2286268
Ağrı,Diyadin,119,2+1,35,Zemin,Soba,1,0,Boş,2397585
Ağrı,Diyadin,85,1+1,9,Zemin,Soba,1,0,Eşyalı,2135953
Ağrı,Diyadin,123,1+1,21,2,Soba,1,1,Eşyalı,2128614
Ağrı,Diyadin,84,3+1,31,Zemin,Soba,0,1,Boş,3014847
Ağrı,Diyadin,103,2+1,34,3,Kombi,1,1,Eşyalı,2475149
Ağrı,Diyadin,60,1+1,8,2,Kombi,0,1,Eşyalı,2140061
Ağrı,Diyadin,66,1+1,20,Zemin,Soba,0,1,Boş,2080368
Ağrı,Diyadin,92,3+1,5,1,Soba,0,1,Eşyalı,3314698
Ağrı,Diyadin,120,1+1,12,4,Soba,1,0,Eşyalı,2060982
Ağrı,Eleşkirt,84,1+1,25,2,Kombi,1,1,Eşyalı,1977631
Ağrı,Eleşkirt,153,3+1,21,Zemin,Kombi,0,0,Boş,2993941
Ağrı,Eleşkirt,145,1+1,9,2,Kombi,0,0,Eşyalı,1963264
Ağrı,Eleşkirt,143,1+1,10,2,Soba,0,1,Eşyalı,2123188
Ağrı,Eleşkirt,66,1+1,29,3,Kombi,0,1,Eşyalı,1927329
Ağrı,Eleşkirt,63,2+1,1,4,Soba,0,1,Boş,2677444
Ağrı,Eleşkirt,98,2+1,13,2,Kombi,0,0,Boş,2496693
Ağrı,Eleşkirt,134,1+1,37,1,Kombi,1,1,Eşyalı,1822764
Ağrı,Eleşkirt,100,3+1,28,Zemin,Kombi,0,1,Eşyalı,2972380
Ağrı,Eleşkirt,135,1+1,33,1,Soba,1,0,Eşyalı,1859357
Ağrı,Tutak,153,2+1,5,1,Kombi,0,0,Boş,2628832
Ağrı,Tutak,142,2+1,31,3,Soba,1,0,Boş,2326647
Ağrı,Tutak,126,2+1,24,3,Kombi,0,1,Boş,2382083
Ağrı,Tutak,104,3+1,28,Zemin,Kombi,1,0,Boş,2897271
Ağrı,Tutak,120,1+1,32,2,Soba,0,0,Eşyalı,1766207
Ağrı,Tutak,65,3+1,38,Zemin,Kombi,0,1,Eşyalı,2817891
Ağrı,Tutak,139,2+1,24,2,Kombi,0,0,Eşyalı,2422653
Ağrı,Tutak,69,1+1,1,Zemin,Soba,1,0,Eşyalı,2108745
Ağrı,Tutak,110,3+1,39,1,Soba,0,0,Boş,2740143
Ağrı,Tutak,108,2+1,5,2,Soba,0,0,Eşyalı,2587775
Ağrı,Hamur,61,2+1,21,Zemin,Soba,1,0,Boş,2440908
Ağrı,Hamur,106,3+1,0,1,Kombi,1,1,Eşyalı,3099643
Ağrı,Hamur,136,1+1,17,4,Soba,1,1,Eşyalı,2016151
Ağrı,Hamur,102,2+1,25,4,Kombi,0,1,Boş,2374204
Ağrı,Hamur,109,3+1,0,4,Soba,0,1,Eşyalı,3089220
Ağrı,Hamur,90,1+1,34,2,Kombi,1,1,Eşyalı,1865405
Ağrı,Hamur,137,2+1,7,1,Soba,1,0,Eşyalı,2503141
Ağrı,Hamur,111,1+1,19,3,Kombi,1,1,Boş,1966158
Ağrı,Hamur,79,1+1,34,2,Soba,0,1,Boş,1758109
Ağrı,Hamur,143,2+1,34,4,Kombi,0,0,Eşyalı,2164849
Ağrı,Taşlıçay,145,2+1,31,1,Kombi,1,0,Eşyalı,2235144
Ağrı,Taşlıçay,122,3+1,24,4,Kombi,0,1,Eşyalı,2790444
Ağrı,Taşlıçay,120,1+1,32,4,Kombi,1,0,Boş,1743950
Ağrı,Taşlıçay,92,2+1,20,4,Kombi,0,1,Eşyalı,2329618
Ağrı,Taşlıçay,149,3+1,10,Zemin,Soba,1,0,Boş,3012026
Ağrı,Taşlıçay,138,3+1,14,3,Kombi,0,0,Eşyalı,2930683
Ağrı,Taşlıçay,128,2+1,1,4,Soba,1,1,Boş,2657597
Ağrı,Taşlıçay,80,2+1,4,Zemin,Soba,1,1,Eşyalı,2593352
Ağrı,Taşlıçay,125,1+1,16,2,Kombi,0,0,Boş,1858209
Ağrı,Taşlıçay,93,1+1,8,1,Kombi,0,1,Eşyalı,2029487
Aydın,Kuşadası,127,2+1,0,1,Klima,0,1,Eşyalı,5606397
Aydın,Kuşadası,180,2+1,20,4,Soba,0,0,Eşyalı,5331008
Aydın,Kuşadası,76,2+1,1,5,Kombi,1,0,Eşyalı,5585552
Aydın,Kuşadası,98,2+1,18,3,Kombi,0,1,Boş,5337631
Aydın,Kuşadası,104,2+1,23,1,Klima,1,0,Boş,5257135
Aydın,Kuşadası,139,2+1,20,1,Klima,1,0,Boş,5351474
Aydın,Kuşadası,157,3+1,3,5,Kombi,1,1,Eşyalı,6774998
Aydın,Kuşadası,90,2+1,20,5,Soba,0,0,Eşyalı,5209655
Aydın,Kuşadası,189,2+1,21,4,Kombi,1,0,Eşyalı,5323681
Aydın,Kuşadası,146,1+1,13,Zemin,Kombi,1,0,Eşyalı,4298415
Aydın,Didim,175,3+1,8,5,Kombi,0,0,Boş,5954361
Aydın,Didim,111,3+1,17,4,Kombi,0,1,Boş,5943473
Aydın,Didim,108,2+1,2,4,Soba,1,0,Eşyalı,5014855
Aydın,Didim,75,2+1,10,5,Klima,1,1,Eşyalı,5016143
Aydın,Didim,75,3+1,6,5,Soba,1,0,Boş,6050995
Aydın,Didim,177,2+1,6,2,Soba,0,0,Boş,5026325
Aydın,Didim,161,1+1,19,1,Kombi,0,0,Eşyalı,3871993
Aydın,Didim,92,1+1,6,Zemin,Klima,1,0,Eşyalı,4017455
Aydın,Didim,156,1+1,22,Zemin,Soba,0,1,Boş,3873682
Aydın,Didim,154,4+1,14,4,Kombi,1,0,Eşyalı,6655547
Aydın,Efeler,161,4+1,13,Zemin,Kombi,1,0,Eşyalı,6071792
Aydın,Efeler,151,1+1,4,Zemin,Soba,1,1,Boş,3690485
Aydın,Efeler,123,3+1,19,1,Kombi,1,1,Eşyalı,5394750
Aydın,Efeler,197,1+1,4,Zemin,Soba,0,1,Boş,3743236
Aydın,Efeler,155,4+1,24,1,Soba,0,0,Boş,5818557
Aydın,Efeler,192,3+1,5,Zemin,Klima,1,1,Boş,5561476
Aydın,Efeler,70,3+1,15,3,Soba,0,1,Boş,5284659
Aydın,Efeler,78,1+1,16,1,Soba,1,1,Boş,3548512
Aydın,Efeler,124,3+1,23,Zemin,Kombi,0,1,Boş,5308258
Aydın,Efeler,106,2+1,16,2,Klima,1,0,Boş,4383321
Aydın,Söke,189,3+1,10,5,Soba,1,1,Eşyalı,5345791
Aydın,Söke,186,1+1,18,2,Soba,1,1,Boş,3420048
Aydın,Söke,84,4+1,16,1,Soba,0,0,Boş,5779237
Aydın,Söke,142,2+1,0,2,Klima,1,0,Eşyalı,4494502
Aydın,Söke,183,1+1,16,1,Soba,1,0,Eşyalı,3429547
Aydın,Söke,158,4+1,13,Zemin,Kombi,0,1,Boş,5886537
Aydın,Söke,183,4+1,20,1,Soba,1,0,Boş,5865956
Aydın,Söke,135,4+1,15,1,Soba,0,0,Eşyalı,5782023
Aydın,Söke,103,1+1,18,4,Klima,1,0,Boş,3354331
Aydın,Söke,88,4+1,22,5,Soba,1,1,Eşyalı,5903916
Aydın,Nazilli,172,4+1,16,1,Klima,0,0,Boş,5571183
Aydın,Nazilli,90,4+1,16,2,Klima,0,0,Boş,5472892
Aydın,Nazilli,70,4+1,14,Zemin,Kombi,1,1,Eşyalı,5679061
Aydın,Nazilli,186,3+1,2,4,Klima,0,1,Eşyalı,5115548
Aydın,Nazilli,166,4+1,5,1,Soba,1,1,Eşyalı,5673331
Aydın,Nazilli,124,1+1,17,1,Soba,1,1,Eşyalı,3290004
Aydın,Nazilli,153,4+1,21,5,Kombi,1,1,Eşyalı,5532763
Aydın,Nazilli,192,2+1,14,1,Kombi,0,0,Boş,4019067
Aydın,Nazilli,79,1+1,10,Zemin,Klima,1,1,Eşyalı,3412943
Aydın,Nazilli,135,2+1,13,3,Kombi,1,0,Eşyalı,4042099
Aydın,İncirliova,146,3+1,1,Zemin,Soba,1,0,Boş,4978672
Aydın,İncirliova,96,2+1,21,Zemin,Soba,0,1,Boş,3845853
Aydın,İncirliova,152,2+1,14,5,Klima,1,0,Boş,3932614
Aydın,İncirliova,127,3+1,16,Zemin,Soba,0,0,Boş,4754132
Aydın,İncirliova,74,4+1,17,1,Klima,0,0,Eşyalı,5350975
Aydın,İncirliova,128,1+1,10,4,Soba,1,0,Eşyalı,3313872
Aydın,İncirliova,71,1+1,4,1,Klima,1,1,Boş,3375278
Aydın,İncirliova,142,4+1,10,2,Kombi,1,0,Boş,5422785
Aydın,İncirliova,112,3+1,15,4,Klima,1,0,Boş,4845254
Aydın,İncirliova,72,4+1,23,2,Soba,1,1,Eşyalı,5521596
Aydın,Çine,149,3+1,23,Zemin,Kombi,1,1,Boş,4668552
Aydın,Çine,163,2+1,17,2,Soba,0,0,Eşyalı,3843976
Aydın,Çine,143,2+1,4,5,Kombi,1,1,Boş,4181954
Aydın,Çine,180,3+1,9,1,Klima,1,0,Eşyalı,4685436
Aydın,Çine,83,3+1,11,5,Kombi,0,1,Boş,4798203
Aydın,Çine,101,4+1,10,1,Klima,1,0,Eşyalı,5244721
Aydın,Çine,117,1+1,13,3,Klima,1,1,Eşyalı,3241267
Aydın,Çine,130,2+1,19,2,Soba,0,1,Boş,3900282
Aydın,Çine,133,4+1,15,1,Klima,1,0,Boş,5407649
Aydın,Çine,101,1+1,12,2,Soba,1,1,Boş,3102393
Aydın,Germencik,105,3+1,0,1,Soba,1,1,Eşyalı,4813164
Aydın,Germencik,71,1+1,20,3,Soba,1,1,Boş,3093566
Aydın,Germencik,71,4+1,5,Zemin,Kombi,0,1,Boş,5287102
Aydın,Germencik,184,1+1,11,Zemin,Klima,1,1,Eşyalı,3149479
Aydın,Germencik,158,1+1,15,3,Soba,1,0,Boş,2990644
Aydın,Germencik,76,3+1,14,2,Klima,0,0,Eşyalı,4521730
Aydın,Germencik,76,3+1,8,3,Soba,1,0,Boş,4745400
Aydın,Germencik,187,2+1,20,3,Soba,0,0,Boş,3698871
Aydın,Germencik,102,4+1,14,4,Soba,1,1,Boş,5242441
Aydın,Germencik,188,4+1,13,Zemin,Soba,1,0,Eşyalı,5194879
Aydın,Bozdoğan,158,4+1,4,3,Klima,0,0,Eşyalı,5058649
Aydın,Bozdoğan,162,1+1,24,1,Soba,1,0,Boş,2841003
Aydın,Bozdoğan,97,1+1,1,1,Soba,1,1,Eşyalı,3088516
Aydın,Bozdoğan,175,2+1,14,2,Klima,0,1,Eşyalı,3752488
Aydın,Bozdoğan,178,4+1,2,4,Kombi,0,0,Eşyalı,5086929
Aydın,Bozdoğan,194,2+1,3,3,Kombi,1,0,Eşyalı,3790491
Aydın,Bozdoğan,116,1+1,19,3,Kombi,1,1,Boş,2850399
Aydın,Bozdoğan,180,4+1,15,4,Soba,1,1,Eşyalı,5179100
Aydın,Bozdoğan,148,4+1,9,4,Soba,0,0,Boş,5109188
Aydın,Bozdoğan,84,4+1,5,3,Soba,1,1,Eşyalı,5298206
Aydın,Buharkent,120,3+1,19,Zemin,Kombi,1,0,Boş,4214345
Aydın,Buharkent,180,2+1,5,5,Kombi,0,0,Eşyalı,3691089
Aydın,Buharkent,151,1+1,21,5,Soba,1,1,Boş,2788476
Aydın,Buharkent,126,1+1,3,Zemin,Soba,0,1,Eşyalı,2971527
Aydın,Buharkent,90,4+1,12,2,Kombi,0,1,Eşyalı,4955004
Aydın,Buharkent,157,2+1,9,2,Soba,0,1,Boş,3703744
Aydın,Buharkent,146,4+1,2,1,Kombi,1,1,Eşyalı,5139749
Aydın,Buharkent,74,2+1,9,1,Klima,0,1,Boş,3734640
Aydın,Buharkent,124,4+1,1,3,Soba,0,0,Boş,4966694
Aydın,Buharkent,192,3+1,11,Zemin,Klima,1,1,Eşyalı,4502782
Aydın,Karacasu,193,4+1,0,1,Kombi,1,1,Boş,4950688
Aydın,Karacasu,100,2+1,16,Zemin,Kombi,0,0,Eşyalı,3374276
Aydın,Karacasu,175,2+1,3,2,Kombi,1,1,Eşyalı,3642675
Aydın,Karacasu,128,4+1,23,3,Klima,0,0,Boş,4404204
Aydın,Karacasu,86,1+1,3,5,Klima,0,1,Boş,2971883
Aydın,Karacasu,187,1+1,15,1,Soba,0,0,Eşyalı,2801969
Aydın,Karacasu,192,2+1,1,5,Soba,0,0,Eşyalı,3628217
Aydın,Karacasu,88,3+1,19,1,Kombi,0,0,Boş,4049277
Aydın,Karacasu,72,1+1,18,5,Soba,1,1,Boş,2791206
Aydın,Karacasu,181,3+1,3,Zemin,Klima,1,1,Eşyalı,4368854
Aydın,Kuyucak,83,3+1,17,4,Kombi,0,1,Boş,4417630
Aydın,Kuyucak,167,2+1,6,Zemin,Klima,0,1,Eşyalı,3740814
Aydın,Kuyucak,119,4+1,2,Zemin,Klima,0,1,Boş,5129305
Aydın,Kuyucak,141,4+1,8,Zemin,Soba,1,1,Boş,5089270
Aydın,Kuyucak,134,3+1,20,1,Soba,0,1,Boş,4252085
Aydın,Kuyucak,148,4+1,2,3,Kombi,0,0,Boş,4969777
Aydın,Kuyucak,154,4+1,0,5,Klima,0,0,Eşyalı,4999854
Aydın,Kuyucak,74,3+1,22,3,Kombi,0,1,Eşyalı,4258368
Aydın,Kuyucak,103,2+1,10,2,Klima,0,0,Boş,3578708
Aydın,Kuyucak,70,4+1,7,4,Klima,1,0,Eşyalı,4996980
Aydın,Koçarlı,107,3+1,9,1,Klima,1,0,Eşyalı,4497530
Aydın,Koçarlı,155,4+1,0,5,Klima,0,1,Eşyalı,5045583
Aydın,Koçarlı,165,3+1,21,Zemin,Klima,1,1,Eşyalı,4481154
Aydın,Koçarlı,196,1+1,10,1,Soba,0,1,Eşyalı,2932613
Aydın,Koçarlı,87,3+1,24,2,Klima,1,1,Eşyalı,4416789
Aydın,Koçarlı,104,3+1,10,Zemin,Klima,0,1,Eşyalı,4479781
Aydın,Koçarlı,120,2+1,6,3,Klima,0,0,Eşyalı,3662531
Aydın,Koçarlı,94,3+1,18,1,Soba,0,0,Boş,4268270
Aydın,Koçarlı,189,4+1,3,1,Kombi,1,1,Boş,5214510
Aydın,Koçarlı,175,3+1,22,2,Kombi,0,0,Eşyalı,4274300
Aydın,Köşk,194,3+1,12,Zemin,Kombi,0,0,Eşyalı,4284065
Aydın,Köşk,123,2+1,7,3,Kombi,0,0,Eşyalı,3582431
Aydın,Köşk,169,2+1,12,2,Klima,1,0,Eşyalı,3628311
Aydın,Köşk,142,1+1,9,5,Soba,1,1,Eşyalı,2888603
Aydın,Köşk,88,2+1,21,5,Klima,0,1,Eşyalı,3462354
Aydın,Köşk,167,2+1,4,Zemin,Kombi,1,0,Eşyalı,3789627
Aydın,Köşk,70,3+1,16,3,Soba,0,1,Eşyalı,4279070
Aydın,Köşk,190,1+1,11,5,Klima,1,1,Eşyalı,2917862
Aydın,Köşk,194,4+1,10,5,Klima,0,0,Boş,4790436
Aydın,Köşk,194,4+1,22,3,Klima,1,1,Eşyalı,4910357
Aydın,Sultanhisar,94,1+1,23,3,Soba,1,1,Boş,2693280
Aydın,Sultanhisar,171,4+1,24,1,Kombi,0,0,Boş,4622872
Aydın,Sultanhisar,114,4+1,19,5,Kombi,1,0,Boş,4717509
Aydın,Sultanhisar,152,1+1,15,1,Kombi,1,1,Eşyalı,2757997
Aydın,Sultanhisar,149,2+1,1,Zemin,Soba,1,0,Eşyalı,3582762
Aydın,Sultanhisar,131,2+1,10,4,Soba,0,1,Eşyalı,3643250
Aydın,Sultanhisar,112,4+1,1,4,Kombi,0,0,Eşyalı,4873603
Aydın,Sultanhisar,159,3+1,14,5,Soba,1,1,Boş,4371648
Aydın,Sultanhisar,133,1+1,13,4,Klima,0,0,Boş,2787244
Aydın,Sultanhisar,101,4+1,9,1,Kombi,0,1,Eşyalı,4882163
Aydın,Yenipazar,82,3+1,7,Zemin,Soba,1,1,Boş,4214066
Aydın,Yenipazar,72,4+1,14,4,Soba,1,0,Boş,4634191
Aydın,Yenipazar,87,4+1,13,1,Soba,0,1,Eşyalı,4689316
Aydın,Yenipazar,88,3+1,0,1,Klima,0,0,Boş,4295415
Aydın,Yenipazar,146,2+1,16,4,Kombi,0,1,Eşyalı,3481664
Aydın,Yenipazar,174,2+1,8,Zemin,Soba,0,1,Boş,3550943
Aydın,Yenipazar,147,3+1,1,2,Soba,1,1,Boş,4274279
Aydın,Yenipazar,117,2+1,21,5,Kombi,0,1,Boş,3343136
Aydın,Yenipazar,192,3+1,7,5,Klima,0,0,Eşyalı,4234457
Aydın,Yenipazar,134,2+1,18,2,Soba,0,1,Eşyalı,3360240
Aydın,Karpuzlu,100,4+1,1,4,Kombi,0,0,Boş,4773325
Aydın,Karpuzlu,74,1+1,20,1,Kombi,0,1,Eşyalı,2600976
Aydın,Karpuzlu,124,4+1,16,2,Klima,1,1,Eşyalı,4601902
Aydın,Karpuzlu,118,2+1,17,4,Klima,1,1,Boş,3382480
Aydın,Karpuzlu,115,1+1,10,1,Soba,0,1,Eşyalı,2725814
Aydın,Karpuzlu,123,1+1,24,2,Kombi,1,1,Boş,2550655
Aydın,Karpuzlu,164,2+1,21,2,Kombi,1,1,Eşyalı,3434314
Aydın,Karpuzlu,163,3+1,10,5,Klima,1,1,Eşyalı,4264915
Aydın,Karpuzlu,147,4+1,10,2,Soba,1,1,Boş,4699292
Aydın,Karpuzlu,108,3+1,24,4,Klima,0,1,Boş,3990519
Artvin,Artvin Merkez,108,1+1,11,1,Soba,0,0,Boş,2267696
Artvin,Artvin Merkez,128,3+1,28,3,Soba,0,0,Eşyalı,3351663
Artvin,Artvin Merkez,103,2+1,21,2,Kombi,0,0,Boş,2737664
Artvin,Artvin Merkez,90,2+1,26,4,Kombi,0,0,Eşyalı,2810145
Artvin,Artvin Merkez,127,3+1,10,Giriş,Soba,1,0,Boş,3602676
Artvin,Artvin Merkez,88,1+1,27,4,Soba,0,0,Boş,2164675
Artvin,Artvin Merkez,124,2+1,19,2,Kombi,1,1,Boş,2963577
Artvin,Artvin Merkez,147,1+1,19,4,Soba,1,0,Eşyalı,2250909
Artvin,Artvin Merkez,96,1+1,14,4,Soba,1,1,Eşyalı,2388941
Artvin,Artvin Merkez,104,3+1,27,2,Soba,0,0,Boş,3322295
Artvin,Hopa,75,2+1,4,4,Soba,1,0,Boş,3213856
Artvin,Hopa,87,2+1,1,Giriş,Kombi,1,1,Eşyalı,3316373
Artvin,Hopa,127,3+1,15,Giriş,Soba,0,0,Boş,3673097
Artvin,Hopa,74,3+1,22,4,Soba,0,1,Eşyalı,3684270
Artvin,Hopa,117,3+1,9,3,Soba,0,1,Eşyalı,3830504
Artvin,Hopa,86,1+1,1,3,Soba,0,0,Eşyalı,2373985
Artvin,Hopa,82,3+1,0,3,Soba,0,0,Eşyalı,3862896
Artvin,Hopa,140,2+1,14,4,Kombi,1,0,Boş,3086468
Artvin,Hopa,138,1+1,4,1,Kombi,0,0,Eşyalı,2493253
Artvin,Hopa,137,2+1,28,Giriş,Kombi,1,1,Eşyalı,3063415
Artvin,Arhavi,137,3+1,6,3,Soba,0,0,Eşyalı,3652133
Artvin,Arhavi,124,1+1,32,2,Soba,0,0,Eşyalı,2192437
Artvin,Arhavi,102,1+1,7,4,Kombi,0,0,Boş,2447140
Artvin,Arhavi,115,2+1,32,Giriş,Kombi,1,1,Eşyalı,2845649
Artvin,Arhavi,115,2+1,28,3,Soba,1,1,Eşyalı,2883789
Artvin,Arhavi,138,2+1,16,1,Kombi,0,1,Eşyalı,2992042
Artvin,Arhavi,103,1+1,4,2,Kombi,1,1,Eşyalı,2528571
Artvin,Arhavi,91,2+1,22,2,Kombi,1,1,Boş,2945714
Artvin,Arhavi,70,3+1,8,1,Kombi,1,0,Boş,3669189
Artvin,Arhavi,144,1+1,19,3,Kombi,1,0,Eşyalı,2323828
Artvin,Borçka,65,1+1,27,1,Soba,0,0,Boş,1942363
Artvin,Borçka,112,3+1,10,2,Kombi,1,1,Boş,3349702
Artvin,Borçka,124,1+1,10,Giriş,Kombi,1,1,Eşyalı,2251032
Artvin,Borçka,114,2+1,15,Giriş,Kombi,1,1,Eşyalı,2765179
Artvin,Borçka,117,3+1,19,Giriş,Soba,1,1,Eşyalı,3221371
Artvin,Borçka,113,2+1,24,2,Soba,0,1,Eşyalı,2591516
Artvin,Borçka,87,2+1,5,3,Kombi,0,1,Boş,2891510
Artvin,Borçka,64,1+1,18,2,Kombi,0,1,Boş,2060380
Artvin,Borçka,113,2+1,25,3,Soba,1,1,Eşyalı,2675186
Artvin,Borçka,92,3+1,9,2,Kombi,0,0,Boş,3316551
Artvin,Yusufeli,81,2+1,1,4,Soba,1,1,Boş,2803140
Artvin,Yusufeli,152,1+1,25,3,Soba,1,1,Boş,2057532
Artvin,Yusufeli,87,3+1,23,Giriş,Soba,1,0,Eşyalı,3035930
Artvin,Yusufeli,91,1+1,17,3,Soba,1,1,Eşyalı,2175733
Artvin,Yusufeli,154,2+1,13,4,Kombi,1,1,Boş,2637497
Artvin,Yusufeli,117,1+1,28,Giriş,Soba,0,0,Eşyalı,1909851
Artvin,Yusufeli,152,2+1,12,4,Soba,0,0,Boş,2574593
Artvin,Yusufeli,105,2+1,15,1,Soba,0,1,Boş,2672674
Artvin,Yusufeli,141,3+1,31,Giriş,Kombi,1,0,Eşyalı,2880278
Artvin,Yusufeli,99,3+1,8,4,Kombi,0,1,Eşyalı,3255142
Artvin,Şavşat,122,1+1,3,3,Soba,1,1,Boş,2118591
Artvin,Şavşat,130,3+1,11,3,Soba,1,1,Eşyalı,3066797
Artvin,Şavşat,130,2+1,4,2,Kombi,0,0,Eşyalı,2493310
Artvin,Şavşat,98,1+1,13,Giriş,Soba,0,0,Eşyalı,1886670
Artvin,Şavşat,70,1+1,15,1,Kombi,0,0,Boş,1817769
Artvin,Şavşat,111,2+1,5,1,Soba,0,0,Boş,2522165
Artvin,Şavşat,108,3+1,21,Giriş,Kombi,0,0,Eşyalı,2806794
Artvin,Şavşat,120,3+1,3,3,Soba,0,1,Eşyalı,3040372
Artvin,Şavşat,140,3+1,33,3,Kombi,1,1,Boş,2761833
Artvin,Şavşat,67,3+1,22,Giriş,Kombi,0,1,Boş,2770566
Artvin,Murgul,65,3+1,5,4,Soba,1,1,Boş,2882797
Artvin,Murgul,99,3+1,32,4,Soba,1,1,Eşyalı,2629577
Artvin,Murgul,146,3+1,6,2,Soba,1,1,Boş,2912174
Artvin,Murgul,133,3+1,19,1,Soba,0,0,Boş,2692172
Artvin,Murgul,128,2+1,16,Giriş,Soba,1,1,Boş,2296436
Artvin,Murgul,158,1+1,31,1,Kombi,0,1,Boş,1636698
Artvin,Murgul,111,3+1,9,Giriş,Kombi,1,1,Eşyalı,2918034
Artvin,Murgul,144,1+1,12,4,Soba,1,1,Eşyalı,1906889
Artvin,Murgul,83,2+1,21,3,Soba,1,1,Boş,2249219
Artvin,Murgul,157,1+1,33,1,Kombi,0,0,Boş,1574558
Artvin,Ardanuç,79,2+1,13,3,Kombi,0,0,Eşyalı,2117170
Artvin,Ardanuç,123,3+1,2,2,Kombi,1,1,Boş,2862796
Artvin,Ardanuç,110,3+1,23,3,Kombi,0,0,Eşyalı,2622530
Artvin,Ardanuç,104,1+1,3,1,Kombi,1,1,Boş,1987265
Artvin,Ardanuç,75,2+1,9,1,Soba,1,1,Eşyalı,2299876
Artvin,Ardanuç,148,3+1,8,1,Soba,0,1,Boş,2733566
Artvin,Ardanuç,91,2+1,27,4,Soba,0,1,Eşyalı,2067648
Artvin,Ardanuç,89,1+1,32,Giriş,Kombi,1,0,Boş,1534106
Artvin,Ardanuç,145,3+1,31,4,Soba,0,1,Boş,2469655
Artvin,Ardanuç,63,2+1,24,4,Kombi,0,1,Boş,2129905
Artvin,Kemalpaşa,74,1+1,23,1,Soba,1,1,Eşyalı,1915862
Artvin,Kemalpaşa,75,2+1,15,4,Soba,0,0,Boş,2473615
Artvin,Kemalpaşa,141,2+1,27,2,Soba,1,1,Boş,2471893
Artvin,Kemalpaşa,158,2+1,21,1,Kombi,1,1,Boş,2442205
Artvin,Kemalpaşa,68,2+1,26,2,Soba,0,0,Boş,2357006
Artvin,Kemalpaşa,96,3+1,25,Giriş,Kombi,0,0,Eşyalı,2896882
Artvin,Kemalpaşa,73,1+1,18,Giriş,Kombi,1,0,Boş,1932035
Artvin,Kemalpaşa,86,1+1,9,1,Soba,1,0,Eşyalı,1985298
Artvin,Kemalpaşa,129,2+1,5,3,Kombi,1,1,Boş,2633934
Artvin,Kemalpaşa,103,3+1,5,1,Kombi,1,1,Boş,3187420
